comp533.barrier.Barrier,BarrierClass
comp533.barrier.BarrierInterface,BarrierClass
comp533.clientServer.RemoteClientProcess,ClientTokenCounter
comp533.clientServer.SimpleRegistryandCounterServer,ClientTokenCounter
comp533.mvc.Controller,ControllerClass
comp533.mvc.ControllerInterface,ControllerClass
comp533.mvc.IntSummingMapper,IntSummingMapperClass
comp533.mvc.IntSummingMapperInterface,IntSummingMapperClass
comp533.joiner.Joiner,JoinerClass
comp533.joiner.JoinerInterface,JoinerClass
comp533.mvc.KeyValue,KeyValueClass
comp533.mvc.KeyValueInterface,KeyValueClass
comp533.mvc.TokenCountingMapperFactory,MapperFactory
comp533.mvc.Model,ModelClass
comp533.mvc.ModelInterface,ModelClass
comp533.mvc.RemoteModelInterface,ModelClass
comp533.partitioner.Partitioner,PartitionerClass
comp533.partitioner.PartitionerInterface,PartitionerClass
comp533.partitioner.PartitionerFactory,PartitionerFactory
comp533.mvc.Reducer,ReducerClass
comp533.mvc.ReducerInterface,ReducerClass
comp533.mvc.ReducerFactory,ReducerFactory
comp533.clientServer.RemoteClientObject,RemoteClientObjectClass
comp533.clientServer.RemoteClientInterface,RemoteClientObjectClass
comp533.clientServer.RemoteClientInterface,RemoteClientObjectInterface
comp533.mvc.RemoteModelInterface,RemoteModelInterface
comp533.clientServer.ServerTokenCounter,ServerTokenCounter
comp533.clientServer.SimpleRegistryandCounterServer,ServerTokenCounter
comp533.salve.Slave,SlaveClass
comp533.salve.SlaveInterface,SlaveClass
comp533.mvc.StandAloneIntSumming,StandAloneIntegerSummer
comp533.mvc.ModelViewController,StandAloneTokenCounter
comp533.mvc.TokenCountingMapper,TokenCountingMapperClass
comp533.mvc.TokenCountingMapperInterface,TokenCountingMapperClass
comp533.mvc.View,ViewClass
comp533.mvc.ViewInterface,ViewClass
