0,Wed Feb 23 10:08:37 EST 2022,true,comp533\barrier\Barrier.java,publicMethodsOverride,[]
0,Wed Feb 23 10:15:21 EST 2022,true,comp533\barrier\Barrier.java,expectedTypes,[@ReducerClass, @ServerIntegerSummer, @ModelClass, @SlaveClass, @MapperFactory, @ViewClass, @ReducerFactory, @TokenCountingMapperClass, @StandAloneTokenCounter, @RemoteClientObjectInterface, @PartitionerFactory, @JoinerClass, @ControllerClass, @KeyValueClass, @RemoteModelInterface, @IntSummingMapperClass, @ServerTokenCounter, @ClientTokenCounter, @StandAloneIntegerSummer, @BarrierClass, @PartitionerClass]
0,Wed Feb 23 10:15:22 EST 2022,true,comp533\barrier\Barrier.java,expectedTypes,[@ReducerClass, @ServerIntegerSummer, @ModelClass, @SlaveClass, @MapperFactory, @ViewClass, @ReducerFactory, @TokenCountingMapperClass, @StandAloneTokenCounter, @RemoteClientObjectInterface, @PartitionerFactory, @JoinerClass, @ControllerClass, @KeyValueClass, @RemoteModelInterface, @IntSummingMapperClass, @ServerTokenCounter, @ClientTokenCounter, @StandAloneIntegerSummer, @BarrierClass, @PartitionerClass]
0,Wed Feb 23 10:15:22 EST 2022,true,comp533\barrier\Barrier.java,tags,comp533.barrier.Barrier,@BarrierClass
0,Wed Feb 23 10:15:22 EST 2022,true,comp533\barrier\Barrier.java,nameInDictionary,comp533.barrier.Barrier,comp
0,Wed Feb 23 10:15:22 EST 2022,true,comp533\barrier\Barrier.java,nameInDictionary,comp533.barrier.Barrier,barrier
0,Wed Feb 23 10:15:22 EST 2022,true,comp533\barrier\Barrier.java,nameInDictionary,count,count
0,Wed Feb 23 10:15:22 EST 2022,true,comp533\barrier\Barrier.java,nameInDictionary,numCalls,num
0,Wed Feb 23 10:15:22 EST 2022,true,comp533\barrier\Barrier.java,nameInDictionary,numCalls,calls
0,Wed Feb 23 10:15:22 EST 2022,true,comp533\barrier\Barrier.java,classHasAtLeastOneInterface,comp533.barrier.Barrier,No Tag
0,Wed Feb 23 10:15:22 EST 2022,true,comp533\barrier\Barrier.java,publicMethodsOverride,[]
0,Wed Feb 23 10:15:22 EST 2022,true,comp533\barrier\BarrierInterface.java,tags,comp533.barrier.BarrierInterface,@BarrierClass
0,Wed Feb 23 10:15:22 EST 2022,true,comp533\barrier\BarrierInterface.java,nameInDictionary,comp533.barrier.BarrierInterface,comp
0,Wed Feb 23 10:15:22 EST 2022,true,comp533\barrier\BarrierInterface.java,nameInDictionary,comp533.barrier.BarrierInterface,barrier
0,Wed Feb 23 10:15:22 EST 2022,true,comp533\barrier\BarrierInterface.java,nameInDictionary,comp533.barrier.BarrierInterface,interface
0,Wed Feb 23 10:15:22 EST 2022,true,comp533\joiner\Joiner.java,tags,comp533.joiner.Joiner,@JoinerClass
0,Wed Feb 23 10:15:22 EST 2022,true,comp533\joiner\Joiner.java,nameInDictionary,comp533.joiner.Joiner,comp
0,Wed Feb 23 10:15:22 EST 2022,true,comp533\joiner\Joiner.java,nameInDictionary,comp533.joiner.Joiner,joiner
0,Wed Feb 23 10:15:22 EST 2022,true,comp533\joiner\Joiner.java,nameInDictionary,count,count
0,Wed Feb 23 10:15:22 EST 2022,true,comp533\joiner\Joiner.java,nameInDictionary,totalFinish,total
0,Wed Feb 23 10:15:22 EST 2022,true,comp533\joiner\Joiner.java,nameInDictionary,totalFinish,finish
0,Wed Feb 23 10:15:22 EST 2022,true,comp533\joiner\Joiner.java,classHasAtLeastOneInterface,comp533.joiner.Joiner,No Tag
0,Wed Feb 23 10:15:22 EST 2022,true,comp533\joiner\Joiner.java,publicMethodsOverride,[]
0,Wed Feb 23 10:15:22 EST 2022,true,comp533\joiner\JoinerInterface.java,tags,comp533.joiner.JoinerInterface,@JoinerClass
0,Wed Feb 23 10:15:22 EST 2022,true,comp533\joiner\JoinerInterface.java,nameInDictionary,comp533.joiner.JoinerInterface,comp
0,Wed Feb 23 10:15:22 EST 2022,true,comp533\joiner\JoinerInterface.java,nameInDictionary,comp533.joiner.JoinerInterface,joiner
0,Wed Feb 23 10:15:22 EST 2022,true,comp533\joiner\JoinerInterface.java,nameInDictionary,comp533.joiner.JoinerInterface,interface
0,Wed Feb 23 10:15:23 EST 2022,true,comp533\mvc\A3Tests.java,nameInDictionary,comp533.mvc.A3Tests,comp
0,Wed Feb 23 10:15:23 EST 2022,true,comp533\mvc\A3Tests.java,nameInDictionary,comp533.mvc.A3Tests,a
0,Wed Feb 23 10:15:23 EST 2022,true,comp533\mvc\A3Tests.java,nameInDictionary,comp533.mvc.A3Tests,tests
0,Wed Feb 23 10:15:23 EST 2022,true,comp533\mvc\A3Tests.java,nameInDictionary,traces,traces
0,Wed Feb 23 10:15:23 EST 2022,true,comp533\mvc\A3Tests.java,nameInDictionary,length,length
0,Wed Feb 23 10:15:23 EST 2022,true,comp533\mvc\A3Tests.java,nameInDictionary,time,time
0,Wed Feb 23 10:15:23 EST 2022,true,comp533\mvc\A3Tests.java,nameInDictionary,timer,timer
0,Wed Feb 23 10:15:23 EST 2022,true,comp533\mvc\A3Tests.java,nameInDictionary,args,args
0,Wed Feb 23 10:15:23 EST 2022,true,comp533\mvc\Controller.java,tags,comp533.mvc.Controller,@ControllerClass
0,Wed Feb 23 10:15:23 EST 2022,true,comp533\mvc\Controller.java,nameInDictionary,comp533.mvc.Controller,comp
0,Wed Feb 23 10:15:23 EST 2022,true,comp533\mvc\Controller.java,nameInDictionary,comp533.mvc.Controller,controller
0,Wed Feb 23 10:15:23 EST 2022,true,comp533\mvc\Controller.java,nameInDictionary,model,model
0,Wed Feb 23 10:15:23 EST 2022,true,comp533\mvc\Controller.java,nameInDictionary,quit,quit
0,Wed Feb 23 10:15:23 EST 2022,true,comp533\mvc\Controller.java,nameInDictionary,empty,empty
0,Wed Feb 23 10:15:23 EST 2022,true,comp533\mvc\Controller.java,nameInDictionary,input,input
0,Wed Feb 23 10:15:23 EST 2022,true,comp533\mvc\Controller.java,nameInDictionary,numThreads,num
0,Wed Feb 23 10:15:23 EST 2022,true,comp533\mvc\Controller.java,nameInDictionary,numThreads,threads
0,Wed Feb 23 10:15:23 EST 2022,true,comp533\mvc\Controller.java,nameInDictionary,tokens,tokens
0,Wed Feb 23 10:15:23 EST 2022,true,comp533\mvc\Controller.java,nameInDictionary,original_line,original
0,Wed Feb 23 10:15:23 EST 2022,true,comp533\mvc\Controller.java,nameInDictionary,original_line,line
0,Wed Feb 23 10:15:23 EST 2022,true,comp533\mvc\Controller.java,nameInDictionary,newModel,new
0,Wed Feb 23 10:15:23 EST 2022,true,comp533\mvc\Controller.java,nameInDictionary,newModel,model
0,Wed Feb 23 10:15:23 EST 2022,true,comp533\mvc\Controller.java,variableHasInterfaceType,ModelInterface,model
0,Wed Feb 23 10:15:23 EST 2022,true,comp533\mvc\Controller.java,variableHasInterfaceType,ModelInterface,newModel
0,Wed Feb 23 10:15:23 EST 2022,true,comp533\mvc\Controller.java,classHasAtLeastOneInterface,comp533.mvc.Controller,No Tag
0,Wed Feb 23 10:15:23 EST 2022,true,comp533\mvc\Controller.java,publicMethodsOverride,[]
0,Wed Feb 23 10:15:23 EST 2022,true,comp533\mvc\ControllerInterface.java,tags,comp533.mvc.ControllerInterface,@ControllerClass
0,Wed Feb 23 10:15:23 EST 2022,true,comp533\mvc\ControllerInterface.java,nameInDictionary,comp533.mvc.ControllerInterface,comp
0,Wed Feb 23 10:15:23 EST 2022,true,comp533\mvc\ControllerInterface.java,nameInDictionary,comp533.mvc.ControllerInterface,controller
0,Wed Feb 23 10:15:23 EST 2022,true,comp533\mvc\ControllerInterface.java,nameInDictionary,comp533.mvc.ControllerInterface,interface
0,Wed Feb 23 10:15:23 EST 2022,true,comp533\mvc\ControllerInterface.java,nameInDictionary,newModel,new
0,Wed Feb 23 10:15:23 EST 2022,true,comp533\mvc\ControllerInterface.java,nameInDictionary,newModel,model
0,Wed Feb 23 10:15:23 EST 2022,true,comp533\mvc\ControllerInterface.java,variableHasInterfaceType,ModelInterface,newModel
0,Wed Feb 23 10:15:23 EST 2022,true,comp533\mvc\IntSummingMapper.java,tags,comp533.mvc.IntSummingMapper,@IntSummingMapperClass
0,Wed Feb 23 10:15:23 EST 2022,true,comp533\mvc\IntSummingMapper.java,nameInDictionary,comp533.mvc.IntSummingMapper,comp
0,Wed Feb 23 10:15:23 EST 2022,true,comp533\mvc\IntSummingMapper.java,nameInDictionary,comp533.mvc.IntSummingMapper,int
0,Wed Feb 23 10:15:23 EST 2022,true,comp533\mvc\IntSummingMapper.java,nameInDictionary,comp533.mvc.IntSummingMapper,summing
0,Wed Feb 23 10:15:23 EST 2022,true,comp533\mvc\IntSummingMapper.java,nameInDictionary,comp533.mvc.IntSummingMapper,mapper
0,Wed Feb 23 10:15:23 EST 2022,true,comp533\mvc\IntSummingMapper.java,nameInDictionary,resultKey,result
0,Wed Feb 23 10:15:23 EST 2022,true,comp533\mvc\IntSummingMapper.java,nameInDictionary,resultKey,key
0,Wed Feb 23 10:15:23 EST 2022,true,comp533\mvc\IntSummingMapper.java,nameInDictionary,keyVal,key
0,Wed Feb 23 10:15:23 EST 2022,true,comp533\mvc\IntSummingMapper.java,nameInDictionary,keyVal,val
0,Wed Feb 23 10:15:23 EST 2022,true,comp533\mvc\IntSummingMapper.java,nameInDictionary,token,token
0,Wed Feb 23 10:15:23 EST 2022,true,comp533\mvc\IntSummingMapper.java,variableHasInterfaceType,KeyValueInterface,map
0,Wed Feb 23 10:15:23 EST 2022,true,comp533\mvc\IntSummingMapper.java,variableHasInterfaceType,KeyValueInterface,keyVal
0,Wed Feb 23 10:15:23 EST 2022,true,comp533\mvc\IntSummingMapper.java,classHasAtLeastOneInterface,comp533.mvc.IntSummingMapper,No Tag
0,Wed Feb 23 10:15:23 EST 2022,true,comp533\mvc\IntSummingMapper.java,publicMethodsOverride,[]
0,Wed Feb 23 10:15:23 EST 2022,true,comp533\mvc\IntSummingMapperFactory.java,nameInDictionary,comp533.mvc.IntSummingMapperFactory,comp
0,Wed Feb 23 10:15:23 EST 2022,true,comp533\mvc\IntSummingMapperFactory.java,nameInDictionary,comp533.mvc.IntSummingMapperFactory,int
0,Wed Feb 23 10:15:23 EST 2022,true,comp533\mvc\IntSummingMapperFactory.java,nameInDictionary,comp533.mvc.IntSummingMapperFactory,summing
0,Wed Feb 23 10:15:23 EST 2022,true,comp533\mvc\IntSummingMapperFactory.java,nameInDictionary,comp533.mvc.IntSummingMapperFactory,mapper
0,Wed Feb 23 10:15:23 EST 2022,true,comp533\mvc\IntSummingMapperFactory.java,nameInDictionary,comp533.mvc.IntSummingMapperFactory,factory
0,Wed Feb 23 10:15:23 EST 2022,true,comp533\mvc\IntSummingMapperFactory.java,nameInDictionary,mapper,mapper
0,Wed Feb 23 10:15:23 EST 2022,true,comp533\mvc\IntSummingMapperFactory.java,nameInDictionary,newMapper,new
0,Wed Feb 23 10:15:23 EST 2022,true,comp533\mvc\IntSummingMapperFactory.java,nameInDictionary,newMapper,mapper
0,Wed Feb 23 10:15:23 EST 2022,true,comp533\mvc\IntSummingMapperFactory.java,variableHasInterfaceType,IntSummingMapperInterface,mapper
0,Wed Feb 23 10:15:23 EST 2022,true,comp533\mvc\IntSummingMapperFactory.java,variableHasInterfaceType,IntSummingMapperInterface,getMapper
0,Wed Feb 23 10:15:23 EST 2022,true,comp533\mvc\IntSummingMapperFactory.java,variableHasInterfaceType,IntSummingMapperInterface,newMapper
0,Wed Feb 23 10:15:23 EST 2022,true,comp533\mvc\IntSummingMapperInterface.java,tags,comp533.mvc.IntSummingMapperInterface,@IntSummingMapperClass
0,Wed Feb 23 10:15:23 EST 2022,true,comp533\mvc\IntSummingMapperInterface.java,nameInDictionary,comp533.mvc.IntSummingMapperInterface,comp
0,Wed Feb 23 10:15:23 EST 2022,true,comp533\mvc\IntSummingMapperInterface.java,nameInDictionary,comp533.mvc.IntSummingMapperInterface,int
0,Wed Feb 23 10:15:23 EST 2022,true,comp533\mvc\IntSummingMapperInterface.java,nameInDictionary,comp533.mvc.IntSummingMapperInterface,summing
0,Wed Feb 23 10:15:23 EST 2022,true,comp533\mvc\IntSummingMapperInterface.java,nameInDictionary,comp533.mvc.IntSummingMapperInterface,mapper
0,Wed Feb 23 10:15:23 EST 2022,true,comp533\mvc\IntSummingMapperInterface.java,nameInDictionary,comp533.mvc.IntSummingMapperInterface,interface
0,Wed Feb 23 10:15:23 EST 2022,true,comp533\mvc\IntSummingMapperInterface.java,nameInDictionary,string,string
0,Wed Feb 23 10:15:23 EST 2022,true,comp533\mvc\IntSummingMapperInterface.java,variableHasInterfaceType,KeyValueInterface,map
0,Wed Feb 23 10:15:23 EST 2022,true,comp533\mvc\KeyValue.java,tags,comp533.mvc.KeyValue,@KeyValueClass
0,Wed Feb 23 10:15:23 EST 2022,true,comp533\mvc\KeyValue.java,nameInDictionary,comp533.mvc.KeyValue,comp
0,Wed Feb 23 10:15:23 EST 2022,true,comp533\mvc\KeyValue.java,nameInDictionary,comp533.mvc.KeyValue,key
0,Wed Feb 23 10:15:23 EST 2022,true,comp533\mvc\KeyValue.java,nameInDictionary,comp533.mvc.KeyValue,value
0,Wed Feb 23 10:15:23 EST 2022,true,comp533\mvc\KeyValue.java,nameInDictionary,key,key
0,Wed Feb 23 10:15:23 EST 2022,true,comp533\mvc\KeyValue.java,nameInDictionary,val,val
0,Wed Feb 23 10:15:23 EST 2022,true,comp533\mvc\KeyValue.java,nameInDictionary,newKey,new
0,Wed Feb 23 10:15:23 EST 2022,true,comp533\mvc\KeyValue.java,nameInDictionary,newKey,key
0,Wed Feb 23 10:15:23 EST 2022,true,comp533\mvc\KeyValue.java,nameInDictionary,newValue,new
0,Wed Feb 23 10:15:23 EST 2022,true,comp533\mvc\KeyValue.java,nameInDictionary,newValue,value
0,Wed Feb 23 10:15:23 EST 2022,true,comp533\mvc\KeyValue.java,nameInDictionary,keyName,key
0,Wed Feb 23 10:15:23 EST 2022,true,comp533\mvc\KeyValue.java,nameInDictionary,keyName,name
0,Wed Feb 23 10:15:23 EST 2022,true,comp533\mvc\KeyValue.java,nameInDictionary,aNull,a
0,Wed Feb 23 10:15:23 EST 2022,true,comp533\mvc\KeyValue.java,nameInDictionary,aNull,null
0,Wed Feb 23 10:15:23 EST 2022,true,comp533\mvc\KeyValue.java,nameInDictionary,valName,val
0,Wed Feb 23 10:15:23 EST 2022,true,comp533\mvc\KeyValue.java,nameInDictionary,valName,name
0,Wed Feb 23 10:15:23 EST 2022,true,comp533\mvc\KeyValue.java,nameInDictionary,string,string
0,Wed Feb 23 10:15:23 EST 2022,true,comp533\mvc\KeyValue.java,classHasAtLeastOneInterface,comp533.mvc.KeyValue,No Tag
0,Wed Feb 23 10:15:23 EST 2022,true,comp533\mvc\KeyValue.java,missingInterface,java.io.Serializable,@KeyValueClass
0,Wed Feb 23 10:15:23 EST 2022,true,comp533\mvc\KeyValue.java,publicMethodsOverride,[]
0,Wed Feb 23 10:15:23 EST 2022,true,comp533\mvc\KeyValueInterface.java,tags,comp533.mvc.KeyValueInterface,@KeyValueClass
0,Wed Feb 23 10:15:23 EST 2022,true,comp533\mvc\KeyValueInterface.java,nameInDictionary,comp533.mvc.KeyValueInterface,comp
0,Wed Feb 23 10:15:23 EST 2022,true,comp533\mvc\KeyValueInterface.java,nameInDictionary,comp533.mvc.KeyValueInterface,key
0,Wed Feb 23 10:15:23 EST 2022,true,comp533\mvc\KeyValueInterface.java,nameInDictionary,comp533.mvc.KeyValueInterface,value
0,Wed Feb 23 10:15:23 EST 2022,true,comp533\mvc\KeyValueInterface.java,nameInDictionary,comp533.mvc.KeyValueInterface,interface
0,Wed Feb 23 10:15:23 EST 2022,true,comp533\mvc\KeyValueInterface.java,nameInDictionary,newKey,new
0,Wed Feb 23 10:15:23 EST 2022,true,comp533\mvc\KeyValueInterface.java,nameInDictionary,newKey,key
0,Wed Feb 23 10:15:23 EST 2022,true,comp533\mvc\KeyValueInterface.java,nameInDictionary,newValue,new
0,Wed Feb 23 10:15:23 EST 2022,true,comp533\mvc\KeyValueInterface.java,nameInDictionary,newValue,value
0,Wed Feb 23 10:15:23 EST 2022,true,comp533\mvc\MapReduceConfiguration.java,nameInDictionary,comp533.mvc.MapReduceConfiguration,comp
0,Wed Feb 23 10:15:23 EST 2022,true,comp533\mvc\MapReduceConfiguration.java,nameInDictionary,comp533.mvc.MapReduceConfiguration,map
0,Wed Feb 23 10:15:23 EST 2022,true,comp533\mvc\MapReduceConfiguration.java,nameInDictionary,comp533.mvc.MapReduceConfiguration,reduce
0,Wed Feb 23 10:15:23 EST 2022,true,comp533\mvc\MapReduceConfiguration.java,nameInDictionary,comp533.mvc.MapReduceConfiguration,configuration
0,Wed Feb 23 10:15:23 EST 2022,true,comp533\mvc\MapReduceConfiguration.java,nameInDictionary,arg0,arg
0,Wed Feb 23 10:15:23 EST 2022,true,comp533\mvc\MapReduceConfiguration.java,classHasAtLeastOneInterface,comp533.mvc.MapReduceConfiguration,No Tag
0,Wed Feb 23 10:15:23 EST 2022,true,comp533\mvc\MapReduceConfiguration.java,publicMethodsOverride,[]
0,Wed Feb 23 10:15:23 EST 2022,true,comp533\mvc\MapReduceConfigurationInterface.java,nameInDictionary,comp533.mvc.MapReduceConfigurationInterface,comp
0,Wed Feb 23 10:15:23 EST 2022,true,comp533\mvc\MapReduceConfigurationInterface.java,nameInDictionary,comp533.mvc.MapReduceConfigurationInterface,map
0,Wed Feb 23 10:15:23 EST 2022,true,comp533\mvc\MapReduceConfigurationInterface.java,nameInDictionary,comp533.mvc.MapReduceConfigurationInterface,reduce
0,Wed Feb 23 10:15:23 EST 2022,true,comp533\mvc\MapReduceConfigurationInterface.java,nameInDictionary,comp533.mvc.MapReduceConfigurationInterface,configuration
0,Wed Feb 23 10:15:23 EST 2022,true,comp533\mvc\MapReduceConfigurationInterface.java,nameInDictionary,comp533.mvc.MapReduceConfigurationInterface,interface
0,Wed Feb 23 10:15:23 EST 2022,true,comp533\mvc\Model.java,tags,comp533.mvc.Model,@ModelClass
0,Wed Feb 23 10:15:23 EST 2022,true,comp533\mvc\Model.java,nameInDictionary,comp533.mvc.Model,comp
0,Wed Feb 23 10:15:23 EST 2022,true,comp533\mvc\Model.java,nameInDictionary,comp533.mvc.Model,model
0,Wed Feb 23 10:15:23 EST 2022,true,comp533\mvc\Model.java,nameInDictionary,propertyChangeSupport,property
0,Wed Feb 23 10:15:23 EST 2022,true,comp533\mvc\Model.java,nameInDictionary,propertyChangeSupport,change
0,Wed Feb 23 10:15:23 EST 2022,true,comp533\mvc\Model.java,nameInDictionary,propertyChangeSupport,support
0,Wed Feb 23 10:15:23 EST 2022,true,comp533\mvc\Model.java,nameInDictionary,inputString,input
0,Wed Feb 23 10:15:23 EST 2022,true,comp533\mvc\Model.java,nameInDictionary,inputString,string
0,Wed Feb 23 10:15:23 EST 2022,true,comp533\mvc\Model.java,nameInDictionary,result,result
0,Wed Feb 23 10:15:23 EST 2022,true,comp533\mvc\Model.java,nameInDictionary,space,space
0,Wed Feb 23 10:15:23 EST 2022,true,comp533\mvc\Model.java,nameInDictionary,slavesStarted,slaves
0,Wed Feb 23 10:15:23 EST 2022,true,comp533\mvc\Model.java,nameInDictionary,slavesStarted,started
0,Wed Feb 23 10:15:23 EST 2022,true,comp533\mvc\Model.java,nameInDictionary,aNumThreads,a
0,Wed Feb 23 10:15:23 EST 2022,true,comp533\mvc\Model.java,nameInDictionary,aNumThreads,num
0,Wed Feb 23 10:15:23 EST 2022,true,comp533\mvc\Model.java,nameInDictionary,aNumThreads,threads
0,Wed Feb 23 10:15:23 EST 2022,true,comp533\mvc\Model.java,nameInDictionary,threads,threads
0,Wed Feb 23 10:15:23 EST 2022,true,comp533\mvc\Model.java,nameInDictionary,slaves,slaves
0,Wed Feb 23 10:15:23 EST 2022,true,comp533\mvc\Model.java,nameInDictionary,barrier,barrier
0,Wed Feb 23 10:15:23 EST 2022,true,comp533\mvc\Model.java,nameInDictionary,joiner,joiner
0,Wed Feb 23 10:15:23 EST 2022,true,comp533\mvc\Model.java,nameInDictionary,aKeyValueQueue,a
0,Wed Feb 23 10:15:23 EST 2022,true,comp533\mvc\Model.java,nameInDictionary,aKeyValueQueue,key
0,Wed Feb 23 10:15:23 EST 2022,true,comp533\mvc\Model.java,nameInDictionary,aKeyValueQueue,value
0,Wed Feb 23 10:15:23 EST 2022,true,comp533\mvc\Model.java,nameInDictionary,aKeyValueQueue,queue
0,Wed Feb 23 10:15:23 EST 2022,true,comp533\mvc\Model.java,nameInDictionary,aReductionQueueList,a
0,Wed Feb 23 10:15:23 EST 2022,true,comp533\mvc\Model.java,nameInDictionary,aReductionQueueList,reduction
0,Wed Feb 23 10:15:23 EST 2022,true,comp533\mvc\Model.java,nameInDictionary,aReductionQueueList,queue
0,Wed Feb 23 10:15:23 EST 2022,true,comp533\mvc\Model.java,nameInDictionary,aReductionQueueList,list
0,Wed Feb 23 10:15:23 EST 2022,true,comp533\mvc\Model.java,nameInDictionary,oldValue,old
0,Wed Feb 23 10:15:23 EST 2022,true,comp533\mvc\Model.java,nameInDictionary,oldValue,value
0,Wed Feb 23 10:15:23 EST 2022,true,comp533\mvc\Model.java,nameInDictionary,oldThreads,old
0,Wed Feb 23 10:15:23 EST 2022,true,comp533\mvc\Model.java,nameInDictionary,oldThreads,threads
0,Wed Feb 23 10:15:23 EST 2022,true,comp533\mvc\Model.java,nameInDictionary,i,i
0,Wed Feb 23 10:15:23 EST 2022,true,comp533\mvc\Model.java,nameInDictionary,name,name
0,Wed Feb 23 10:15:23 EST 2022,true,comp533\mvc\Model.java,nameInDictionary,newSlave,new
0,Wed Feb 23 10:15:23 EST 2022,true,comp533\mvc\Model.java,nameInDictionary,newSlave,slave
0,Wed Feb 23 10:15:23 EST 2022,true,comp533\mvc\Model.java,nameInDictionary,slaveThread,slave
0,Wed Feb 23 10:15:23 EST 2022,true,comp533\mvc\Model.java,nameInDictionary,slaveThread,thread
0,Wed Feb 23 10:15:23 EST 2022,true,comp533\mvc\Model.java,nameInDictionary,label,label
0,Wed Feb 23 10:15:23 EST 2022,true,comp533\mvc\Model.java,nameInDictionary,newValue,new
0,Wed Feb 23 10:15:23 EST 2022,true,comp533\mvc\Model.java,nameInDictionary,newValue,value
0,Wed Feb 23 10:15:23 EST 2022,true,comp533\mvc\Model.java,nameInDictionary,labelThread,label
0,Wed Feb 23 10:15:23 EST 2022,true,comp533\mvc\Model.java,nameInDictionary,labelThread,thread
0,Wed Feb 23 10:15:23 EST 2022,true,comp533\mvc\Model.java,nameInDictionary,newThreads,new
0,Wed Feb 23 10:15:23 EST 2022,true,comp533\mvc\Model.java,nameInDictionary,newThreads,threads
0,Wed Feb 23 10:15:23 EST 2022,true,comp533\mvc\Model.java,nameInDictionary,numThreads,num
0,Wed Feb 23 10:15:23 EST 2022,true,comp533\mvc\Model.java,nameInDictionary,numThreads,threads
0,Wed Feb 23 10:15:23 EST 2022,true,comp533\mvc\Model.java,nameInDictionary,newListener,new
0,Wed Feb 23 10:15:23 EST 2022,true,comp533\mvc\Model.java,nameInDictionary,newListener,listener
0,Wed Feb 23 10:15:23 EST 2022,true,comp533\mvc\Model.java,nameInDictionary,oldResult,old
0,Wed Feb 23 10:15:23 EST 2022,true,comp533\mvc\Model.java,nameInDictionary,oldResult,result
0,Wed Feb 23 10:15:23 EST 2022,true,comp533\mvc\Model.java,nameInDictionary,oldInputString,old
0,Wed Feb 23 10:15:23 EST 2022,true,comp533\mvc\Model.java,nameInDictionary,oldInputString,input
0,Wed Feb 23 10:15:23 EST 2022,true,comp533\mvc\Model.java,nameInDictionary,oldInputString,string
0,Wed Feb 23 10:15:23 EST 2022,true,comp533\mvc\Model.java,nameInDictionary,tokens,tokens
0,Wed Feb 23 10:15:23 EST 2022,true,comp533\mvc\Model.java,nameInDictionary,listOfToken,list
0,Wed Feb 23 10:15:23 EST 2022,true,comp533\mvc\Model.java,nameInDictionary,listOfToken,of
0,Wed Feb 23 10:15:23 EST 2022,true,comp533\mvc\Model.java,nameInDictionary,listOfToken,token
0,Wed Feb 23 10:15:23 EST 2022,true,comp533\mvc\Model.java,nameInDictionary,resultLabel,result
0,Wed Feb 23 10:15:23 EST 2022,true,comp533\mvc\Model.java,nameInDictionary,resultLabel,label
0,Wed Feb 23 10:15:23 EST 2022,true,comp533\mvc\Model.java,nameInDictionary,newVal,new
0,Wed Feb 23 10:15:23 EST 2022,true,comp533\mvc\Model.java,nameInDictionary,newVal,val
0,Wed Feb 23 10:15:23 EST 2022,true,comp533\mvc\Model.java,nameInDictionary,results,results
0,Wed Feb 23 10:15:23 EST 2022,true,comp533\mvc\Model.java,nameInDictionary,linkedList,linked
0,Wed Feb 23 10:15:23 EST 2022,true,comp533\mvc\Model.java,nameInDictionary,linkedList,list
0,Wed Feb 23 10:15:23 EST 2022,true,comp533\mvc\Model.java,nameInDictionary,reductionQueueList,reduction
0,Wed Feb 23 10:15:23 EST 2022,true,comp533\mvc\Model.java,nameInDictionary,reductionQueueList,queue
0,Wed Feb 23 10:15:23 EST 2022,true,comp533\mvc\Model.java,nameInDictionary,reductionQueueList,list
0,Wed Feb 23 10:15:23 EST 2022,true,comp533\mvc\Model.java,nameInDictionary,aResult,a
0,Wed Feb 23 10:15:23 EST 2022,true,comp533\mvc\Model.java,nameInDictionary,aResult,result
0,Wed Feb 23 10:15:23 EST 2022,true,comp533\mvc\Model.java,nameInDictionary,listIndex,list
0,Wed Feb 23 10:15:23 EST 2022,true,comp533\mvc\Model.java,nameInDictionary,listIndex,index
0,Wed Feb 23 10:15:23 EST 2022,true,comp533\mvc\Model.java,nameInDictionary,resultMap,result
0,Wed Feb 23 10:15:23 EST 2022,true,comp533\mvc\Model.java,nameInDictionary,resultMap,map
0,Wed Feb 23 10:15:23 EST 2022,true,comp533\mvc\Model.java,nameInDictionary,index,index
0,Wed Feb 23 10:15:23 EST 2022,true,comp533\mvc\Model.java,nameInDictionary,keyValQueue,key
0,Wed Feb 23 10:15:23 EST 2022,true,comp533\mvc\Model.java,nameInDictionary,keyValQueue,val
0,Wed Feb 23 10:15:23 EST 2022,true,comp533\mvc\Model.java,nameInDictionary,keyValQueue,queue
0,Wed Feb 23 10:15:23 EST 2022,true,comp533\mvc\Model.java,nameInDictionary,keyVal,key
0,Wed Feb 23 10:15:23 EST 2022,true,comp533\mvc\Model.java,nameInDictionary,keyVal,val
0,Wed Feb 23 10:15:23 EST 2022,true,comp533\mvc\Model.java,nameInDictionary,aThreads,a
0,Wed Feb 23 10:15:23 EST 2022,true,comp533\mvc\Model.java,nameInDictionary,aThreads,threads
0,Wed Feb 23 10:15:23 EST 2022,true,comp533\mvc\Model.java,nameInDictionary,aSlaves,a
0,Wed Feb 23 10:15:23 EST 2022,true,comp533\mvc\Model.java,nameInDictionary,aSlaves,slaves
0,Wed Feb 23 10:15:23 EST 2022,true,comp533\mvc\Model.java,nameInDictionary,keyValueQueue,key
0,Wed Feb 23 10:15:23 EST 2022,true,comp533\mvc\Model.java,nameInDictionary,keyValueQueue,value
0,Wed Feb 23 10:15:23 EST 2022,true,comp533\mvc\Model.java,nameInDictionary,keyValueQueue,queue
0,Wed Feb 23 10:15:23 EST 2022,true,comp533\mvc\Model.java,nameInDictionary,reductionQueue,reduction
0,Wed Feb 23 10:15:23 EST 2022,true,comp533\mvc\Model.java,nameInDictionary,reductionQueue,queue
0,Wed Feb 23 10:15:23 EST 2022,true,comp533\mvc\Model.java,nameInDictionary,redQueue,red
0,Wed Feb 23 10:15:23 EST 2022,true,comp533\mvc\Model.java,nameInDictionary,redQueue,queue
0,Wed Feb 23 10:15:23 EST 2022,true,comp533\mvc\Model.java,nameInDictionary,mapper,mapper
0,Wed Feb 23 10:15:23 EST 2022,true,comp533\mvc\Model.java,nameInDictionary,slaveNum,slave
0,Wed Feb 23 10:15:23 EST 2022,true,comp533\mvc\Model.java,nameInDictionary,slaveNum,num
0,Wed Feb 23 10:15:23 EST 2022,true,comp533\mvc\Model.java,nameInDictionary,salves,salves
0,Wed Feb 23 10:15:23 EST 2022,true,comp533\mvc\Model.java,variableHasInterfaceType,BarrierInterface,barrier
0,Wed Feb 23 10:15:23 EST 2022,true,comp533\mvc\Model.java,variableHasInterfaceType,JoinerInterface,joiner
0,Wed Feb 23 10:15:23 EST 2022,true,comp533\mvc\Model.java,variableHasInterfaceType,SlaveInterface,newSlave
0,Wed Feb 23 10:15:23 EST 2022,true,comp533\mvc\Model.java,variableHasInterfaceType,BarrierInterface,getBarrier
0,Wed Feb 23 10:15:23 EST 2022,true,comp533\mvc\Model.java,variableHasInterfaceType,JoinerInterface,getJoiner
0,Wed Feb 23 10:15:23 EST 2022,true,comp533\mvc\Model.java,variableHasInterfaceType,KeyValueInterface,keyVal
0,Wed Feb 23 10:15:23 EST 2022,true,comp533\mvc\Model.java,variableHasInterfaceType,TokenCountingMapperInterface,mapper
0,Wed Feb 23 10:15:23 EST 2022,true,comp533\mvc\Model.java,classHasAtLeastOneInterface,comp533.mvc.Model,No Tag
0,Wed Feb 23 10:15:23 EST 2022,true,comp533\mvc\Model.java,noSpuriousMethodCall,java.rmi.registry.Registry!lookup:String->Remote,No method,comp533.mvc.Model:[@ModelClass]
0,Wed Feb 23 10:15:23 EST 2022,true,comp533\mvc\Model.java,missingMethodCall,@RemoteClientObjectInterface!quit:->void,No method,comp533.mvc.Model:[@ModelClass]
0,Wed Feb 23 10:15:23 EST 2022,true,comp533\mvc\Model.java,missingMethodCall,java.util.Stack!pop:->Object,No method,comp533.mvc.Model:[@ModelClass]
0,Wed Feb 23 10:15:23 EST 2022,true,comp533\mvc\Model.java,missingMethodCall,java.util.Stack!push:Object->Object,No method,comp533.mvc.Model:[@ModelClass]
0,Wed Feb 23 10:15:23 EST 2022,true,comp533\mvc\Model.java,missingMethodCall,gradingTools.comp533s19.assignment0.AMapReduceTracer!traceRegister:Object->void,No method,comp533.mvc.Model:[@ModelClass]
0,Wed Feb 23 10:15:23 EST 2022,true,comp533\mvc\Model.java,missingMethodCall,gradingTools.comp533s19.assignment0.AMapReduceTracer!traceClientAssignment:Object->void,No method,comp533.mvc.Model:[@ModelClass]
0,Wed Feb 23 10:15:23 EST 2022,true,comp533\mvc\Model.java,publicMethodsOverride,[]
0,Wed Feb 23 10:15:23 EST 2022,true,comp533\mvc\Model.java,missingInterface,java.rmi.Remote,@ModelClass
0,Wed Feb 23 10:15:23 EST 2022,true,comp533\mvc\ModelInterface.java,tags,comp533.mvc.ModelInterface,@ModelClass
0,Wed Feb 23 10:15:23 EST 2022,true,comp533\mvc\ModelInterface.java,nameInDictionary,comp533.mvc.ModelInterface,comp
0,Wed Feb 23 10:15:23 EST 2022,true,comp533\mvc\ModelInterface.java,nameInDictionary,comp533.mvc.ModelInterface,model
0,Wed Feb 23 10:15:23 EST 2022,true,comp533\mvc\ModelInterface.java,nameInDictionary,comp533.mvc.ModelInterface,interface
0,Wed Feb 23 10:15:23 EST 2022,true,comp533\mvc\ModelInterface.java,nameInDictionary,newListener,new
0,Wed Feb 23 10:15:23 EST 2022,true,comp533\mvc\ModelInterface.java,nameInDictionary,newListener,listener
0,Wed Feb 23 10:15:23 EST 2022,true,comp533\mvc\ModelInterface.java,nameInDictionary,newVal,new
0,Wed Feb 23 10:15:23 EST 2022,true,comp533\mvc\ModelInterface.java,nameInDictionary,newVal,val
0,Wed Feb 23 10:15:23 EST 2022,true,comp533\mvc\ModelInterface.java,nameInDictionary,aReductionQueueList,a
0,Wed Feb 23 10:15:23 EST 2022,true,comp533\mvc\ModelInterface.java,nameInDictionary,aReductionQueueList,reduction
0,Wed Feb 23 10:15:23 EST 2022,true,comp533\mvc\ModelInterface.java,nameInDictionary,aReductionQueueList,queue
0,Wed Feb 23 10:15:23 EST 2022,true,comp533\mvc\ModelInterface.java,nameInDictionary,aReductionQueueList,list
0,Wed Feb 23 10:15:23 EST 2022,true,comp533\mvc\ModelInterface.java,nameInDictionary,aResult,a
0,Wed Feb 23 10:15:23 EST 2022,true,comp533\mvc\ModelInterface.java,nameInDictionary,aResult,result
0,Wed Feb 23 10:15:23 EST 2022,true,comp533\mvc\ModelInterface.java,nameInDictionary,reductionQueueList,reduction
0,Wed Feb 23 10:15:23 EST 2022,true,comp533\mvc\ModelInterface.java,nameInDictionary,reductionQueueList,queue
0,Wed Feb 23 10:15:23 EST 2022,true,comp533\mvc\ModelInterface.java,nameInDictionary,reductionQueueList,list
0,Wed Feb 23 10:15:23 EST 2022,true,comp533\mvc\ModelInterface.java,nameInDictionary,resultMap,result
0,Wed Feb 23 10:15:23 EST 2022,true,comp533\mvc\ModelInterface.java,nameInDictionary,resultMap,map
0,Wed Feb 23 10:15:23 EST 2022,true,comp533\mvc\ModelInterface.java,nameInDictionary,index,index
0,Wed Feb 23 10:15:23 EST 2022,true,comp533\mvc\ModelInterface.java,nameInDictionary,aThreads,a
0,Wed Feb 23 10:15:23 EST 2022,true,comp533\mvc\ModelInterface.java,nameInDictionary,aThreads,threads
0,Wed Feb 23 10:15:23 EST 2022,true,comp533\mvc\ModelInterface.java,nameInDictionary,aSlaves,a
0,Wed Feb 23 10:15:23 EST 2022,true,comp533\mvc\ModelInterface.java,nameInDictionary,aSlaves,slaves
0,Wed Feb 23 10:15:23 EST 2022,true,comp533\mvc\ModelInterface.java,nameInDictionary,keyValueQueue,key
0,Wed Feb 23 10:15:23 EST 2022,true,comp533\mvc\ModelInterface.java,nameInDictionary,keyValueQueue,value
0,Wed Feb 23 10:15:23 EST 2022,true,comp533\mvc\ModelInterface.java,nameInDictionary,keyValueQueue,queue
0,Wed Feb 23 10:15:23 EST 2022,true,comp533\mvc\ModelInterface.java,nameInDictionary,numThreads,num
0,Wed Feb 23 10:15:23 EST 2022,true,comp533\mvc\ModelInterface.java,nameInDictionary,numThreads,threads
0,Wed Feb 23 10:15:23 EST 2022,true,comp533\mvc\ModelInterface.java,nameInDictionary,redQueue,red
0,Wed Feb 23 10:15:23 EST 2022,true,comp533\mvc\ModelInterface.java,nameInDictionary,redQueue,queue
0,Wed Feb 23 10:15:23 EST 2022,true,comp533\mvc\ModelInterface.java,nameInDictionary,aKeyValueQueue,a
0,Wed Feb 23 10:15:23 EST 2022,true,comp533\mvc\ModelInterface.java,nameInDictionary,aKeyValueQueue,key
0,Wed Feb 23 10:15:23 EST 2022,true,comp533\mvc\ModelInterface.java,nameInDictionary,aKeyValueQueue,value
0,Wed Feb 23 10:15:23 EST 2022,true,comp533\mvc\ModelInterface.java,nameInDictionary,aKeyValueQueue,queue
0,Wed Feb 23 10:15:23 EST 2022,true,comp533\mvc\ModelInterface.java,nameInDictionary,listOfToken,list
0,Wed Feb 23 10:15:23 EST 2022,true,comp533\mvc\ModelInterface.java,nameInDictionary,listOfToken,of
0,Wed Feb 23 10:15:23 EST 2022,true,comp533\mvc\ModelInterface.java,nameInDictionary,listOfToken,token
0,Wed Feb 23 10:15:23 EST 2022,true,comp533\mvc\ModelInterface.java,nameInDictionary,salves,salves
0,Wed Feb 23 10:15:23 EST 2022,true,comp533\mvc\ModelInterface.java,variableHasInterfaceType,BarrierInterface,getBarrier
0,Wed Feb 23 10:15:23 EST 2022,true,comp533\mvc\ModelInterface.java,variableHasInterfaceType,JoinerInterface,getJoiner
0,Wed Feb 23 10:15:23 EST 2022,true,comp533\mvc\ModelViewController.java,tags,comp533.mvc.ModelViewController,@StandAloneTokenCounter
0,Wed Feb 23 10:15:23 EST 2022,true,comp533\mvc\ModelViewController.java,nameInDictionary,comp533.mvc.ModelViewController,comp
0,Wed Feb 23 10:15:23 EST 2022,true,comp533\mvc\ModelViewController.java,nameInDictionary,comp533.mvc.ModelViewController,model
0,Wed Feb 23 10:15:23 EST 2022,true,comp533\mvc\ModelViewController.java,nameInDictionary,comp533.mvc.ModelViewController,view
0,Wed Feb 23 10:15:23 EST 2022,true,comp533\mvc\ModelViewController.java,nameInDictionary,comp533.mvc.ModelViewController,controller
0,Wed Feb 23 10:15:23 EST 2022,true,comp533\mvc\ModelViewController.java,nameInDictionary,view,view
0,Wed Feb 23 10:15:23 EST 2022,true,comp533\mvc\ModelViewController.java,nameInDictionary,model,model
0,Wed Feb 23 10:15:23 EST 2022,true,comp533\mvc\ModelViewController.java,nameInDictionary,controller,controller
0,Wed Feb 23 10:15:23 EST 2022,true,comp533\mvc\ModelViewController.java,nameInDictionary,args,args
0,Wed Feb 23 10:15:23 EST 2022,true,comp533\mvc\ModelViewController.java,variableHasInterfaceType,ViewInterface,view
0,Wed Feb 23 10:15:23 EST 2022,true,comp533\mvc\ModelViewController.java,variableHasInterfaceType,ModelInterface,model
0,Wed Feb 23 10:15:23 EST 2022,true,comp533\mvc\ModelViewController.java,variableHasInterfaceType,ControllerInterface,controller
0,Wed Feb 23 10:15:23 EST 2022,true,comp533\mvc\Reducer.java,tags,comp533.mvc.Reducer,@ReducerClass
0,Wed Feb 23 10:15:23 EST 2022,true,comp533\mvc\Reducer.java,nameInDictionary,comp533.mvc.Reducer,comp
0,Wed Feb 23 10:15:23 EST 2022,true,comp533\mvc\Reducer.java,nameInDictionary,comp533.mvc.Reducer,reducer
0,Wed Feb 23 10:15:23 EST 2022,true,comp533\mvc\Reducer.java,nameInDictionary,result,result
0,Wed Feb 23 10:15:23 EST 2022,true,comp533\mvc\Reducer.java,nameInDictionary,iterator,iterator
0,Wed Feb 23 10:15:23 EST 2022,true,comp533\mvc\Reducer.java,nameInDictionary,val,val
0,Wed Feb 23 10:15:23 EST 2022,true,comp533\mvc\Reducer.java,nameInDictionary,aList,a
0,Wed Feb 23 10:15:23 EST 2022,true,comp533\mvc\Reducer.java,nameInDictionary,aList,list
0,Wed Feb 23 10:15:23 EST 2022,true,comp533\mvc\Reducer.java,variableHasInterfaceType,KeyValueInterface,val
0,Wed Feb 23 10:15:23 EST 2022,true,comp533\mvc\Reducer.java,classHasAtLeastOneInterface,comp533.mvc.Reducer,No Tag
0,Wed Feb 23 10:15:23 EST 2022,true,comp533\mvc\Reducer.java,publicMethodsOverride,[]
0,Wed Feb 23 10:15:23 EST 2022,true,comp533\mvc\ReducerFactory.java,tags,comp533.mvc.ReducerFactory,@ReducerFactory
0,Wed Feb 23 10:15:23 EST 2022,true,comp533\mvc\ReducerFactory.java,nameInDictionary,comp533.mvc.ReducerFactory,comp
0,Wed Feb 23 10:15:23 EST 2022,true,comp533\mvc\ReducerFactory.java,nameInDictionary,comp533.mvc.ReducerFactory,reducer
0,Wed Feb 23 10:15:23 EST 2022,true,comp533\mvc\ReducerFactory.java,nameInDictionary,comp533.mvc.ReducerFactory,factory
0,Wed Feb 23 10:15:23 EST 2022,true,comp533\mvc\ReducerFactory.java,nameInDictionary,reducer,reducer
0,Wed Feb 23 10:15:23 EST 2022,true,comp533\mvc\ReducerFactory.java,nameInDictionary,newReducer,new
0,Wed Feb 23 10:15:23 EST 2022,true,comp533\mvc\ReducerFactory.java,nameInDictionary,newReducer,reducer
0,Wed Feb 23 10:15:23 EST 2022,true,comp533\mvc\ReducerFactory.java,variableHasInterfaceType,ReducerInterface,reducer
0,Wed Feb 23 10:15:23 EST 2022,true,comp533\mvc\ReducerFactory.java,variableHasInterfaceType,ReducerInterface,getReducer
0,Wed Feb 23 10:15:23 EST 2022,true,comp533\mvc\ReducerFactory.java,variableHasInterfaceType,ReducerInterface,newReducer
0,Wed Feb 23 10:15:23 EST 2022,true,comp533\mvc\ReducerInterface.java,tags,comp533.mvc.ReducerInterface,@ReducerClass
0,Wed Feb 23 10:15:23 EST 2022,true,comp533\mvc\ReducerInterface.java,nameInDictionary,comp533.mvc.ReducerInterface,comp
0,Wed Feb 23 10:15:23 EST 2022,true,comp533\mvc\ReducerInterface.java,nameInDictionary,comp533.mvc.ReducerInterface,reducer
0,Wed Feb 23 10:15:23 EST 2022,true,comp533\mvc\ReducerInterface.java,nameInDictionary,comp533.mvc.ReducerInterface,interface
0,Wed Feb 23 10:15:23 EST 2022,true,comp533\mvc\ReducerInterface.java,nameInDictionary,aList,a
0,Wed Feb 23 10:15:23 EST 2022,true,comp533\mvc\ReducerInterface.java,nameInDictionary,aList,list
0,Wed Feb 23 10:15:23 EST 2022,true,comp533\mvc\StandAloneIntSumming.java,tags,comp533.mvc.StandAloneIntSumming,@StandAloneIntegerSummer
0,Wed Feb 23 10:15:23 EST 2022,true,comp533\mvc\StandAloneIntSumming.java,nameInDictionary,comp533.mvc.StandAloneIntSumming,comp
0,Wed Feb 23 10:15:23 EST 2022,true,comp533\mvc\StandAloneIntSumming.java,nameInDictionary,comp533.mvc.StandAloneIntSumming,stand
0,Wed Feb 23 10:15:23 EST 2022,true,comp533\mvc\StandAloneIntSumming.java,nameInDictionary,comp533.mvc.StandAloneIntSumming,alone
0,Wed Feb 23 10:15:23 EST 2022,true,comp533\mvc\StandAloneIntSumming.java,nameInDictionary,comp533.mvc.StandAloneIntSumming,int
0,Wed Feb 23 10:15:23 EST 2022,true,comp533\mvc\StandAloneIntSumming.java,nameInDictionary,comp533.mvc.StandAloneIntSumming,summing
0,Wed Feb 23 10:15:23 EST 2022,true,comp533\mvc\StandAloneIntSumming.java,nameInDictionary,view,view
0,Wed Feb 23 10:15:23 EST 2022,true,comp533\mvc\StandAloneIntSumming.java,nameInDictionary,model,model
0,Wed Feb 23 10:15:23 EST 2022,true,comp533\mvc\StandAloneIntSumming.java,nameInDictionary,controller,controller
0,Wed Feb 23 10:15:23 EST 2022,true,comp533\mvc\StandAloneIntSumming.java,nameInDictionary,args,args
0,Wed Feb 23 10:15:23 EST 2022,true,comp533\mvc\StandAloneIntSumming.java,variableHasInterfaceType,ViewInterface,view
0,Wed Feb 23 10:15:23 EST 2022,true,comp533\mvc\StandAloneIntSumming.java,variableHasInterfaceType,ModelInterface,model
0,Wed Feb 23 10:15:23 EST 2022,true,comp533\mvc\StandAloneIntSumming.java,variableHasInterfaceType,ControllerInterface,controller
0,Wed Feb 23 10:15:23 EST 2022,true,comp533\mvc\SummingModel.java,nameInDictionary,comp533.mvc.SummingModel,comp
0,Wed Feb 23 10:15:23 EST 2022,true,comp533\mvc\SummingModel.java,nameInDictionary,comp533.mvc.SummingModel,summing
0,Wed Feb 23 10:15:23 EST 2022,true,comp533\mvc\SummingModel.java,nameInDictionary,comp533.mvc.SummingModel,model
0,Wed Feb 23 10:15:23 EST 2022,true,comp533\mvc\SummingModel.java,nameInDictionary,propertyChangeSupport,property
0,Wed Feb 23 10:15:23 EST 2022,true,comp533\mvc\SummingModel.java,nameInDictionary,propertyChangeSupport,change
0,Wed Feb 23 10:15:23 EST 2022,true,comp533\mvc\SummingModel.java,nameInDictionary,propertyChangeSupport,support
0,Wed Feb 23 10:15:23 EST 2022,true,comp533\mvc\SummingModel.java,nameInDictionary,inputString,input
0,Wed Feb 23 10:15:23 EST 2022,true,comp533\mvc\SummingModel.java,nameInDictionary,inputString,string
0,Wed Feb 23 10:15:23 EST 2022,true,comp533\mvc\SummingModel.java,nameInDictionary,result,result
0,Wed Feb 23 10:15:23 EST 2022,true,comp533\mvc\SummingModel.java,nameInDictionary,reducer,reducer
0,Wed Feb 23 10:15:23 EST 2022,true,comp533\mvc\SummingModel.java,nameInDictionary,mapper,mapper
0,Wed Feb 23 10:15:23 EST 2022,true,comp533\mvc\SummingModel.java,nameInDictionary,oldResult,old
0,Wed Feb 23 10:15:23 EST 2022,true,comp533\mvc\SummingModel.java,nameInDictionary,oldResult,result
0,Wed Feb 23 10:15:23 EST 2022,true,comp533\mvc\SummingModel.java,nameInDictionary,oldInputString,old
0,Wed Feb 23 10:15:23 EST 2022,true,comp533\mvc\SummingModel.java,nameInDictionary,oldInputString,input
0,Wed Feb 23 10:15:23 EST 2022,true,comp533\mvc\SummingModel.java,nameInDictionary,oldInputString,string
0,Wed Feb 23 10:15:23 EST 2022,true,comp533\mvc\SummingModel.java,nameInDictionary,label,label
0,Wed Feb 23 10:15:23 EST 2022,true,comp533\mvc\SummingModel.java,nameInDictionary,i,i
0,Wed Feb 23 10:15:23 EST 2022,true,comp533\mvc\SummingModel.java,nameInDictionary,tokens,tokens
0,Wed Feb 23 10:15:23 EST 2022,true,comp533\mvc\SummingModel.java,nameInDictionary,listOfToken,list
0,Wed Feb 23 10:15:23 EST 2022,true,comp533\mvc\SummingModel.java,nameInDictionary,listOfToken,of
0,Wed Feb 23 10:15:23 EST 2022,true,comp533\mvc\SummingModel.java,nameInDictionary,listOfToken,token
0,Wed Feb 23 10:15:23 EST 2022,true,comp533\mvc\SummingModel.java,nameInDictionary,resultLabel,result
0,Wed Feb 23 10:15:23 EST 2022,true,comp533\mvc\SummingModel.java,nameInDictionary,resultLabel,label
0,Wed Feb 23 10:15:23 EST 2022,true,comp533\mvc\SummingModel.java,nameInDictionary,newVal,new
0,Wed Feb 23 10:15:23 EST 2022,true,comp533\mvc\SummingModel.java,nameInDictionary,newVal,val
0,Wed Feb 23 10:15:23 EST 2022,true,comp533\mvc\SummingModel.java,nameInDictionary,aMapper,a
0,Wed Feb 23 10:15:23 EST 2022,true,comp533\mvc\SummingModel.java,nameInDictionary,aMapper,mapper
0,Wed Feb 23 10:15:23 EST 2022,true,comp533\mvc\SummingModel.java,nameInDictionary,slaveNum,slave
0,Wed Feb 23 10:15:23 EST 2022,true,comp533\mvc\SummingModel.java,nameInDictionary,slaveNum,num
0,Wed Feb 23 10:15:23 EST 2022,true,comp533\mvc\SummingModel.java,nameInDictionary,keyVal,key
0,Wed Feb 23 10:15:23 EST 2022,true,comp533\mvc\SummingModel.java,nameInDictionary,keyVal,val
0,Wed Feb 23 10:15:23 EST 2022,true,comp533\mvc\SummingModel.java,nameInDictionary,keyValueQueue,key
0,Wed Feb 23 10:15:23 EST 2022,true,comp533\mvc\SummingModel.java,nameInDictionary,keyValueQueue,value
0,Wed Feb 23 10:15:23 EST 2022,true,comp533\mvc\SummingModel.java,nameInDictionary,keyValueQueue,queue
0,Wed Feb 23 10:15:23 EST 2022,true,comp533\mvc\SummingModel.java,nameInDictionary,salves,salves
0,Wed Feb 23 10:15:23 EST 2022,true,comp533\mvc\SummingModel.java,variableHasInterfaceType,ReducerInterface,reducer
0,Wed Feb 23 10:15:23 EST 2022,true,comp533\mvc\SummingModel.java,variableHasInterfaceType,IntSummingMapperInterface,mapper
0,Wed Feb 23 10:15:23 EST 2022,true,comp533\mvc\SummingModel.java,variableHasInterfaceType,IntSummingMapperInterface,aMapper
0,Wed Feb 23 10:15:23 EST 2022,true,comp533\mvc\SummingModel.java,variableHasInterfaceType,KeyValueInterface,keyVal
0,Wed Feb 23 10:15:23 EST 2022,true,comp533\mvc\SummingModel.java,classHasAtLeastOneInterface,comp533.mvc.SummingModel,No Tag
0,Wed Feb 23 10:15:23 EST 2022,true,comp533\mvc\SummingModel.java,publicMethodsOverride,[]
0,Wed Feb 23 10:15:23 EST 2022,true,comp533\mvc\TokenCountingMapper.java,tags,comp533.mvc.TokenCountingMapper,@TokenCountingMapperClass
0,Wed Feb 23 10:15:23 EST 2022,true,comp533\mvc\TokenCountingMapper.java,nameInDictionary,comp533.mvc.TokenCountingMapper,comp
0,Wed Feb 23 10:15:23 EST 2022,true,comp533\mvc\TokenCountingMapper.java,nameInDictionary,comp533.mvc.TokenCountingMapper,token
0,Wed Feb 23 10:15:23 EST 2022,true,comp533\mvc\TokenCountingMapper.java,nameInDictionary,comp533.mvc.TokenCountingMapper,counting
0,Wed Feb 23 10:15:23 EST 2022,true,comp533\mvc\TokenCountingMapper.java,nameInDictionary,comp533.mvc.TokenCountingMapper,mapper
0,Wed Feb 23 10:15:23 EST 2022,true,comp533\mvc\TokenCountingMapper.java,nameInDictionary,ONE,one
0,Wed Feb 23 10:15:23 EST 2022,true,comp533\mvc\TokenCountingMapper.java,nameInDictionary,keyVal,key
0,Wed Feb 23 10:15:23 EST 2022,true,comp533\mvc\TokenCountingMapper.java,nameInDictionary,keyVal,val
0,Wed Feb 23 10:15:23 EST 2022,true,comp533\mvc\TokenCountingMapper.java,nameInDictionary,aString,a
0,Wed Feb 23 10:15:23 EST 2022,true,comp533\mvc\TokenCountingMapper.java,nameInDictionary,aString,string
0,Wed Feb 23 10:15:23 EST 2022,true,comp533\mvc\TokenCountingMapper.java,variableHasInterfaceType,KeyValueInterface,map
0,Wed Feb 23 10:15:23 EST 2022,true,comp533\mvc\TokenCountingMapper.java,variableHasInterfaceType,KeyValueInterface,keyVal
0,Wed Feb 23 10:15:23 EST 2022,true,comp533\mvc\TokenCountingMapper.java,classHasAtLeastOneInterface,comp533.mvc.TokenCountingMapper,No Tag
0,Wed Feb 23 10:15:23 EST 2022,true,comp533\mvc\TokenCountingMapper.java,publicMethodsOverride,[]
0,Wed Feb 23 10:15:23 EST 2022,true,comp533\mvc\TokenCountingMapperFactory.java,tags,comp533.mvc.TokenCountingMapperFactory,@MapperFactory
0,Wed Feb 23 10:15:23 EST 2022,true,comp533\mvc\TokenCountingMapperFactory.java,nameInDictionary,comp533.mvc.TokenCountingMapperFactory,comp
0,Wed Feb 23 10:15:23 EST 2022,true,comp533\mvc\TokenCountingMapperFactory.java,nameInDictionary,comp533.mvc.TokenCountingMapperFactory,token
0,Wed Feb 23 10:15:23 EST 2022,true,comp533\mvc\TokenCountingMapperFactory.java,nameInDictionary,comp533.mvc.TokenCountingMapperFactory,counting
0,Wed Feb 23 10:15:23 EST 2022,true,comp533\mvc\TokenCountingMapperFactory.java,nameInDictionary,comp533.mvc.TokenCountingMapperFactory,mapper
0,Wed Feb 23 10:15:23 EST 2022,true,comp533\mvc\TokenCountingMapperFactory.java,nameInDictionary,comp533.mvc.TokenCountingMapperFactory,factory
0,Wed Feb 23 10:15:23 EST 2022,true,comp533\mvc\TokenCountingMapperFactory.java,nameInDictionary,mapper,mapper
0,Wed Feb 23 10:15:23 EST 2022,true,comp533\mvc\TokenCountingMapperFactory.java,nameInDictionary,newMapper,new
0,Wed Feb 23 10:15:23 EST 2022,true,comp533\mvc\TokenCountingMapperFactory.java,nameInDictionary,newMapper,mapper
0,Wed Feb 23 10:15:23 EST 2022,true,comp533\mvc\TokenCountingMapperFactory.java,variableHasInterfaceType,TokenCountingMapperInterface,mapper
0,Wed Feb 23 10:15:23 EST 2022,true,comp533\mvc\TokenCountingMapperFactory.java,variableHasInterfaceType,TokenCountingMapperInterface,getMapper
0,Wed Feb 23 10:15:23 EST 2022,true,comp533\mvc\TokenCountingMapperFactory.java,variableHasInterfaceType,TokenCountingMapperInterface,newMapper
0,Wed Feb 23 10:15:23 EST 2022,true,comp533\mvc\TokenCountingMapperInterface.java,tags,comp533.mvc.TokenCountingMapperInterface,@TokenCountingMapperClass
0,Wed Feb 23 10:15:23 EST 2022,true,comp533\mvc\TokenCountingMapperInterface.java,nameInDictionary,comp533.mvc.TokenCountingMapperInterface,comp
0,Wed Feb 23 10:15:23 EST 2022,true,comp533\mvc\TokenCountingMapperInterface.java,nameInDictionary,comp533.mvc.TokenCountingMapperInterface,token
0,Wed Feb 23 10:15:23 EST 2022,true,comp533\mvc\TokenCountingMapperInterface.java,nameInDictionary,comp533.mvc.TokenCountingMapperInterface,counting
0,Wed Feb 23 10:15:23 EST 2022,true,comp533\mvc\TokenCountingMapperInterface.java,nameInDictionary,comp533.mvc.TokenCountingMapperInterface,mapper
0,Wed Feb 23 10:15:23 EST 2022,true,comp533\mvc\TokenCountingMapperInterface.java,nameInDictionary,comp533.mvc.TokenCountingMapperInterface,interface
0,Wed Feb 23 10:15:23 EST 2022,true,comp533\mvc\TokenCountingMapperInterface.java,nameInDictionary,aStrings,a
0,Wed Feb 23 10:15:23 EST 2022,true,comp533\mvc\TokenCountingMapperInterface.java,nameInDictionary,aStrings,strings
0,Wed Feb 23 10:15:23 EST 2022,true,comp533\mvc\TokenCountingMapperInterface.java,variableHasInterfaceType,KeyValueInterface,map
0,Wed Feb 23 10:15:23 EST 2022,true,comp533\mvc\View.java,tags,comp533.mvc.View,@ViewClass
0,Wed Feb 23 10:15:23 EST 2022,true,comp533\mvc\View.java,nameInDictionary,comp533.mvc.View,comp
0,Wed Feb 23 10:15:23 EST 2022,true,comp533\mvc\View.java,nameInDictionary,comp533.mvc.View,view
0,Wed Feb 23 10:15:23 EST 2022,true,comp533\mvc\View.java,nameInDictionary,evt,evt
0,Wed Feb 23 10:15:23 EST 2022,true,comp533\mvc\View.java,classHasAtLeastOneInterface,comp533.mvc.View,No Tag
0,Wed Feb 23 10:15:23 EST 2022,true,comp533\mvc\View.java,classHasExactlyOneInterface,comp533.mvc.View,No Tag
0,Wed Feb 23 10:15:23 EST 2022,true,comp533\mvc\View.java,publicMethodsOverride,[]
0,Wed Feb 23 10:15:23 EST 2022,true,comp533\mvc\ViewInterface.java,tags,comp533.mvc.ViewInterface,@ViewClass
0,Wed Feb 23 10:15:23 EST 2022,true,comp533\mvc\ViewInterface.java,nameInDictionary,comp533.mvc.ViewInterface,comp
0,Wed Feb 23 10:15:23 EST 2022,true,comp533\mvc\ViewInterface.java,nameInDictionary,comp533.mvc.ViewInterface,view
0,Wed Feb 23 10:15:23 EST 2022,true,comp533\mvc\ViewInterface.java,nameInDictionary,comp533.mvc.ViewInterface,interface
0,Wed Feb 23 10:15:23 EST 2022,true,comp533\mvc\ViewInterface.java,nameInDictionary,evt,evt
0,Wed Feb 23 10:15:23 EST 2022,true,comp533\partitioner\Partitioner.java,tags,comp533.partitioner.Partitioner,@PartitionerClass
0,Wed Feb 23 10:15:23 EST 2022,true,comp533\partitioner\Partitioner.java,nameInDictionary,comp533.partitioner.Partitioner,comp
0,Wed Feb 23 10:15:23 EST 2022,true,comp533\partitioner\Partitioner.java,nameInDictionary,comp533.partitioner.Partitioner,partitioner
0,Wed Feb 23 10:15:23 EST 2022,true,comp533\partitioner\Partitioner.java,nameInDictionary,one,one
0,Wed Feb 23 10:15:23 EST 2022,true,comp533\partitioner\Partitioner.java,nameInDictionary,firstLetter,first
0,Wed Feb 23 10:15:23 EST 2022,true,comp533\partitioner\Partitioner.java,nameInDictionary,firstLetter,letter
0,Wed Feb 23 10:15:23 EST 2022,true,comp533\partitioner\Partitioner.java,nameInDictionary,lastLetter,last
0,Wed Feb 23 10:15:23 EST 2022,true,comp533\partitioner\Partitioner.java,nameInDictionary,lastLetter,letter
0,Wed Feb 23 10:15:23 EST 2022,true,comp533\partitioner\Partitioner.java,nameInDictionary,firstCharIndex,first
0,Wed Feb 23 10:15:23 EST 2022,true,comp533\partitioner\Partitioner.java,nameInDictionary,firstCharIndex,char
0,Wed Feb 23 10:15:23 EST 2022,true,comp533\partitioner\Partitioner.java,nameInDictionary,firstCharIndex,index
0,Wed Feb 23 10:15:23 EST 2022,true,comp533\partitioner\Partitioner.java,nameInDictionary,aPartitionNum,a
0,Wed Feb 23 10:15:23 EST 2022,true,comp533\partitioner\Partitioner.java,nameInDictionary,aPartitionNum,partition
0,Wed Feb 23 10:15:23 EST 2022,true,comp533\partitioner\Partitioner.java,nameInDictionary,aPartitionNum,num
0,Wed Feb 23 10:15:23 EST 2022,true,comp533\partitioner\Partitioner.java,nameInDictionary,firstChar,first
0,Wed Feb 23 10:15:23 EST 2022,true,comp533\partitioner\Partitioner.java,nameInDictionary,firstChar,char
0,Wed Feb 23 10:15:23 EST 2022,true,comp533\partitioner\Partitioner.java,nameInDictionary,firstCharLower,first
0,Wed Feb 23 10:15:23 EST 2022,true,comp533\partitioner\Partitioner.java,nameInDictionary,firstCharLower,char
0,Wed Feb 23 10:15:23 EST 2022,true,comp533\partitioner\Partitioner.java,nameInDictionary,firstCharLower,lower
0,Wed Feb 23 10:15:23 EST 2022,true,comp533\partitioner\Partitioner.java,nameInDictionary,maxPartitionSize,max
0,Wed Feb 23 10:15:23 EST 2022,true,comp533\partitioner\Partitioner.java,nameInDictionary,maxPartitionSize,partition
0,Wed Feb 23 10:15:23 EST 2022,true,comp533\partitioner\Partitioner.java,nameInDictionary,maxPartitionSize,size
0,Wed Feb 23 10:15:23 EST 2022,true,comp533\partitioner\Partitioner.java,nameInDictionary,key,key
0,Wed Feb 23 10:15:23 EST 2022,true,comp533\partitioner\Partitioner.java,nameInDictionary,value,value
0,Wed Feb 23 10:15:23 EST 2022,true,comp533\partitioner\Partitioner.java,nameInDictionary,numPartitions,num
0,Wed Feb 23 10:15:23 EST 2022,true,comp533\partitioner\Partitioner.java,nameInDictionary,numPartitions,partitions
0,Wed Feb 23 10:15:23 EST 2022,true,comp533\partitioner\Partitioner.java,classHasAtLeastOneInterface,comp533.partitioner.Partitioner,No Tag
0,Wed Feb 23 10:15:23 EST 2022,true,comp533\partitioner\Partitioner.java,publicMethodsOverride,[]
0,Wed Feb 23 10:15:23 EST 2022,true,comp533\partitioner\Partitioner.java,expectedSuperType,gradingTools.comp533s19.assignment0.AMapReduceTracer,@PartitionerClass
0,Wed Feb 23 10:15:23 EST 2022,true,comp533\partitioner\PartitionerFactory.java,tags,comp533.partitioner.PartitionerFactory,@PartitionerFactory
0,Wed Feb 23 10:15:23 EST 2022,true,comp533\partitioner\PartitionerFactory.java,nameInDictionary,comp533.partitioner.PartitionerFactory,comp
0,Wed Feb 23 10:15:23 EST 2022,true,comp533\partitioner\PartitionerFactory.java,nameInDictionary,comp533.partitioner.PartitionerFactory,partitioner
0,Wed Feb 23 10:15:23 EST 2022,true,comp533\partitioner\PartitionerFactory.java,nameInDictionary,comp533.partitioner.PartitionerFactory,factory
0,Wed Feb 23 10:15:23 EST 2022,true,comp533\partitioner\PartitionerFactory.java,nameInDictionary,partitioner,partitioner
0,Wed Feb 23 10:15:23 EST 2022,true,comp533\partitioner\PartitionerFactory.java,nameInDictionary,newPartitioner,new
0,Wed Feb 23 10:15:23 EST 2022,true,comp533\partitioner\PartitionerFactory.java,nameInDictionary,newPartitioner,partitioner
0,Wed Feb 23 10:15:23 EST 2022,true,comp533\partitioner\PartitionerFactory.java,variableHasInterfaceType,PartitionerInterface,partitioner
0,Wed Feb 23 10:15:23 EST 2022,true,comp533\partitioner\PartitionerFactory.java,variableHasInterfaceType,PartitionerInterface,getPartitioner
0,Wed Feb 23 10:15:23 EST 2022,true,comp533\partitioner\PartitionerFactory.java,variableHasInterfaceType,PartitionerInterface,newPartitioner
0,Wed Feb 23 10:15:23 EST 2022,true,comp533\partitioner\PartitionerInterface.java,tags,comp533.partitioner.PartitionerInterface,@PartitionerClass
0,Wed Feb 23 10:15:23 EST 2022,true,comp533\partitioner\PartitionerInterface.java,nameInDictionary,comp533.partitioner.PartitionerInterface,comp
0,Wed Feb 23 10:15:23 EST 2022,true,comp533\partitioner\PartitionerInterface.java,nameInDictionary,comp533.partitioner.PartitionerInterface,partitioner
0,Wed Feb 23 10:15:23 EST 2022,true,comp533\partitioner\PartitionerInterface.java,nameInDictionary,comp533.partitioner.PartitionerInterface,interface
0,Wed Feb 23 10:15:23 EST 2022,true,comp533\partitioner\PartitionerInterface.java,nameInDictionary,key,key
0,Wed Feb 23 10:15:23 EST 2022,true,comp533\partitioner\PartitionerInterface.java,nameInDictionary,value,value
0,Wed Feb 23 10:15:23 EST 2022,true,comp533\partitioner\PartitionerInterface.java,nameInDictionary,numPartitions,num
0,Wed Feb 23 10:15:23 EST 2022,true,comp533\partitioner\PartitionerInterface.java,nameInDictionary,numPartitions,partitions
0,Wed Feb 23 10:15:23 EST 2022,true,comp533\salve\Slave.java,tags,comp533.salve.Slave,@SlaveClass
0,Wed Feb 23 10:15:23 EST 2022,true,comp533\salve\Slave.java,nameInDictionary,comp533.salve.Slave,comp
0,Wed Feb 23 10:15:23 EST 2022,true,comp533\salve\Slave.java,nameInDictionary,comp533.salve.Slave,salve
0,Wed Feb 23 10:15:23 EST 2022,true,comp533\salve\Slave.java,nameInDictionary,comp533.salve.Slave,slave
0,Wed Feb 23 10:15:23 EST 2022,true,comp533\salve\Slave.java,nameInDictionary,number,number
0,Wed Feb 23 10:15:23 EST 2022,true,comp533\salve\Slave.java,nameInDictionary,numThreads,num
0,Wed Feb 23 10:15:23 EST 2022,true,comp533\salve\Slave.java,nameInDictionary,numThreads,threads
0,Wed Feb 23 10:15:23 EST 2022,true,comp533\salve\Slave.java,nameInDictionary,slaveModel,slave
0,Wed Feb 23 10:15:23 EST 2022,true,comp533\salve\Slave.java,nameInDictionary,slaveModel,model
0,Wed Feb 23 10:15:23 EST 2022,true,comp533\salve\Slave.java,nameInDictionary,reductionLinkedList,reduction
0,Wed Feb 23 10:15:23 EST 2022,true,comp533\salve\Slave.java,nameInDictionary,reductionLinkedList,linked
0,Wed Feb 23 10:15:23 EST 2022,true,comp533\salve\Slave.java,nameInDictionary,reductionLinkedList,list
0,Wed Feb 23 10:15:23 EST 2022,true,comp533\salve\Slave.java,nameInDictionary,result,result
0,Wed Feb 23 10:15:23 EST 2022,true,comp533\salve\Slave.java,nameInDictionary,keyToPartition,key
0,Wed Feb 23 10:15:23 EST 2022,true,comp533\salve\Slave.java,nameInDictionary,keyToPartition,to
0,Wed Feb 23 10:15:23 EST 2022,true,comp533\salve\Slave.java,nameInDictionary,keyToPartition,partition
0,Wed Feb 23 10:15:23 EST 2022,true,comp533\salve\Slave.java,nameInDictionary,loop,loop
0,Wed Feb 23 10:15:23 EST 2022,true,comp533\salve\Slave.java,nameInDictionary,localList,local
0,Wed Feb 23 10:15:23 EST 2022,true,comp533\salve\Slave.java,nameInDictionary,localList,list
0,Wed Feb 23 10:15:23 EST 2022,true,comp533\salve\Slave.java,nameInDictionary,reducer,reducer
0,Wed Feb 23 10:15:23 EST 2022,true,comp533\salve\Slave.java,nameInDictionary,aReductionQueueList,a
0,Wed Feb 23 10:15:23 EST 2022,true,comp533\salve\Slave.java,nameInDictionary,aReductionQueueList,reduction
0,Wed Feb 23 10:15:23 EST 2022,true,comp533\salve\Slave.java,nameInDictionary,aReductionQueueList,queue
0,Wed Feb 23 10:15:23 EST 2022,true,comp533\salve\Slave.java,nameInDictionary,aReductionQueueList,list
0,Wed Feb 23 10:15:23 EST 2022,true,comp533\salve\Slave.java,nameInDictionary,updatedLocalLinkedList,updated
0,Wed Feb 23 10:15:23 EST 2022,true,comp533\salve\Slave.java,nameInDictionary,updatedLocalLinkedList,local
0,Wed Feb 23 10:15:23 EST 2022,true,comp533\salve\Slave.java,nameInDictionary,updatedLocalLinkedList,linked
0,Wed Feb 23 10:15:23 EST 2022,true,comp533\salve\Slave.java,nameInDictionary,updatedLocalLinkedList,list
0,Wed Feb 23 10:15:23 EST 2022,true,comp533\salve\Slave.java,nameInDictionary,finalLocalLinkedList,final
0,Wed Feb 23 10:15:23 EST 2022,true,comp533\salve\Slave.java,nameInDictionary,finalLocalLinkedList,local
0,Wed Feb 23 10:15:23 EST 2022,true,comp533\salve\Slave.java,nameInDictionary,finalLocalLinkedList,linked
0,Wed Feb 23 10:15:23 EST 2022,true,comp533\salve\Slave.java,nameInDictionary,finalLocalLinkedList,list
0,Wed Feb 23 10:15:23 EST 2022,true,comp533\salve\Slave.java,nameInDictionary,keyVal,key
0,Wed Feb 23 10:15:23 EST 2022,true,comp533\salve\Slave.java,nameInDictionary,keyVal,val
0,Wed Feb 23 10:15:23 EST 2022,true,comp533\salve\Slave.java,nameInDictionary,finalKeyVal,final
0,Wed Feb 23 10:15:23 EST 2022,true,comp533\salve\Slave.java,nameInDictionary,finalKeyVal,key
0,Wed Feb 23 10:15:23 EST 2022,true,comp533\salve\Slave.java,nameInDictionary,finalKeyVal,val
0,Wed Feb 23 10:15:23 EST 2022,true,comp533\salve\Slave.java,nameInDictionary,key,key
0,Wed Feb 23 10:15:23 EST 2022,true,comp533\salve\Slave.java,nameInDictionary,partition,partition
0,Wed Feb 23 10:15:23 EST 2022,true,comp533\salve\Slave.java,nameInDictionary,val,val
0,Wed Feb 23 10:15:23 EST 2022,true,comp533\salve\Slave.java,nameInDictionary,partialKeyVal,partial
0,Wed Feb 23 10:15:23 EST 2022,true,comp533\salve\Slave.java,nameInDictionary,partialKeyVal,key
0,Wed Feb 23 10:15:23 EST 2022,true,comp533\salve\Slave.java,nameInDictionary,partialKeyVal,val
0,Wed Feb 23 10:15:23 EST 2022,true,comp533\salve\Slave.java,nameInDictionary,localLinkedList,local
0,Wed Feb 23 10:15:23 EST 2022,true,comp533\salve\Slave.java,nameInDictionary,localLinkedList,linked
0,Wed Feb 23 10:15:23 EST 2022,true,comp533\salve\Slave.java,nameInDictionary,localLinkedList,list
0,Wed Feb 23 10:15:23 EST 2022,true,comp533\salve\Slave.java,nameInDictionary,reductionQueueList,reduction
0,Wed Feb 23 10:15:23 EST 2022,true,comp533\salve\Slave.java,nameInDictionary,reductionQueueList,queue
0,Wed Feb 23 10:15:23 EST 2022,true,comp533\salve\Slave.java,nameInDictionary,reductionQueueList,list
0,Wed Feb 23 10:15:23 EST 2022,true,comp533\salve\Slave.java,nameInDictionary,aKeyToPartition,a
0,Wed Feb 23 10:15:23 EST 2022,true,comp533\salve\Slave.java,nameInDictionary,aKeyToPartition,key
0,Wed Feb 23 10:15:23 EST 2022,true,comp533\salve\Slave.java,nameInDictionary,aKeyToPartition,to
0,Wed Feb 23 10:15:23 EST 2022,true,comp533\salve\Slave.java,nameInDictionary,aKeyToPartition,partition
0,Wed Feb 23 10:15:23 EST 2022,true,comp533\salve\Slave.java,nameInDictionary,partitioner,partitioner
0,Wed Feb 23 10:15:23 EST 2022,true,comp533\salve\Slave.java,nameInDictionary,aResult,a
0,Wed Feb 23 10:15:23 EST 2022,true,comp533\salve\Slave.java,nameInDictionary,aResult,result
0,Wed Feb 23 10:15:23 EST 2022,true,comp533\salve\Slave.java,nameInDictionary,loopy,loopy
0,Wed Feb 23 10:15:23 EST 2022,true,comp533\salve\Slave.java,nameInDictionary,aKeyValueQueue,a
0,Wed Feb 23 10:15:23 EST 2022,true,comp533\salve\Slave.java,nameInDictionary,aKeyValueQueue,key
0,Wed Feb 23 10:15:23 EST 2022,true,comp533\salve\Slave.java,nameInDictionary,aKeyValueQueue,value
0,Wed Feb 23 10:15:23 EST 2022,true,comp533\salve\Slave.java,nameInDictionary,aKeyValueQueue,queue
0,Wed Feb 23 10:15:23 EST 2022,true,comp533\salve\Slave.java,nameInDictionary,aSlaveModel,a
0,Wed Feb 23 10:15:23 EST 2022,true,comp533\salve\Slave.java,nameInDictionary,aSlaveModel,slave
0,Wed Feb 23 10:15:23 EST 2022,true,comp533\salve\Slave.java,nameInDictionary,aSlaveModel,model
0,Wed Feb 23 10:15:23 EST 2022,true,comp533\salve\Slave.java,nameInDictionary,aLocalList,a
0,Wed Feb 23 10:15:23 EST 2022,true,comp533\salve\Slave.java,nameInDictionary,aLocalList,local
0,Wed Feb 23 10:15:23 EST 2022,true,comp533\salve\Slave.java,nameInDictionary,aLocalList,list
0,Wed Feb 23 10:15:23 EST 2022,true,comp533\salve\Slave.java,nameInDictionary,aLoop,a
0,Wed Feb 23 10:15:23 EST 2022,true,comp533\salve\Slave.java,nameInDictionary,aLoop,loop
0,Wed Feb 23 10:15:23 EST 2022,true,comp533\salve\Slave.java,variableHasInterfaceType,ModelInterface,slaveModel
0,Wed Feb 23 10:15:23 EST 2022,true,comp533\salve\Slave.java,variableHasInterfaceType,ModelInterface,model
0,Wed Feb 23 10:15:23 EST 2022,true,comp533\salve\Slave.java,variableHasInterfaceType,ReducerInterface,reducer
0,Wed Feb 23 10:15:23 EST 2022,true,comp533\salve\Slave.java,variableHasInterfaceType,KeyValueInterface,finalKeyVal
0,Wed Feb 23 10:15:23 EST 2022,true,comp533\salve\Slave.java,variableHasInterfaceType,KeyValueInterface,partialKeyVal
0,Wed Feb 23 10:15:23 EST 2022,true,comp533\salve\Slave.java,variableHasInterfaceType,PartitionerInterface,partitioner
0,Wed Feb 23 10:15:23 EST 2022,true,comp533\salve\Slave.java,variableHasInterfaceType,ModelInterface,aSlaveModel
0,Wed Feb 23 10:15:23 EST 2022,true,comp533\salve\Slave.java,variableHasInterfaceType,KeyValueInterface,keyVal
0,Wed Feb 23 10:15:23 EST 2022,true,comp533\salve\Slave.java,classHasAtLeastOneInterface,comp533.salve.Slave,No Tag
0,Wed Feb 23 10:15:23 EST 2022,true,comp533\salve\Slave.java,classHasExactlyOneInterface,comp533.salve.Slave,No Tag
0,Wed Feb 23 10:15:23 EST 2022,true,comp533\salve\Slave.java,publicMethodsOverride,[]
0,Wed Feb 23 10:15:23 EST 2022,true,comp533\salve\SlaveInterface.java,tags,comp533.salve.SlaveInterface,@SlaveClass
0,Wed Feb 23 10:15:23 EST 2022,true,comp533\salve\SlaveInterface.java,nameInDictionary,comp533.salve.SlaveInterface,comp
0,Wed Feb 23 10:15:23 EST 2022,true,comp533\salve\SlaveInterface.java,nameInDictionary,comp533.salve.SlaveInterface,salve
0,Wed Feb 23 10:15:23 EST 2022,true,comp533\salve\SlaveInterface.java,nameInDictionary,comp533.salve.SlaveInterface,slave
0,Wed Feb 23 10:15:23 EST 2022,true,comp533\salve\SlaveInterface.java,nameInDictionary,comp533.salve.SlaveInterface,interface
0,Wed Feb 23 10:15:23 EST 2022,true,comp533\salve\SlaveInterface.java,nameInDictionary,aReductionQueueList,a
0,Wed Feb 23 10:15:23 EST 2022,true,comp533\salve\SlaveInterface.java,nameInDictionary,aReductionQueueList,reduction
0,Wed Feb 23 10:15:23 EST 2022,true,comp533\salve\SlaveInterface.java,nameInDictionary,aReductionQueueList,queue
0,Wed Feb 23 10:15:23 EST 2022,true,comp533\salve\SlaveInterface.java,nameInDictionary,aReductionQueueList,list
0,Wed Feb 23 10:15:23 EST 2022,true,comp533\salve\SlaveInterface.java,nameInDictionary,keyToPartition,key
0,Wed Feb 23 10:15:23 EST 2022,true,comp533\salve\SlaveInterface.java,nameInDictionary,keyToPartition,to
0,Wed Feb 23 10:15:23 EST 2022,true,comp533\salve\SlaveInterface.java,nameInDictionary,keyToPartition,partition
0,Wed Feb 23 10:15:23 EST 2022,true,comp533\salve\SlaveInterface.java,nameInDictionary,aKeyToPartition,a
0,Wed Feb 23 10:15:23 EST 2022,true,comp533\salve\SlaveInterface.java,nameInDictionary,aKeyToPartition,key
0,Wed Feb 23 10:15:23 EST 2022,true,comp533\salve\SlaveInterface.java,nameInDictionary,aKeyToPartition,to
0,Wed Feb 23 10:15:23 EST 2022,true,comp533\salve\SlaveInterface.java,nameInDictionary,aKeyToPartition,partition
0,Wed Feb 23 10:15:23 EST 2022,true,comp533\salve\SlaveInterface.java,nameInDictionary,aResult,a
0,Wed Feb 23 10:15:23 EST 2022,true,comp533\salve\SlaveInterface.java,nameInDictionary,aResult,result
0,Wed Feb 23 10:15:23 EST 2022,true,comp533\salve\SlaveInterface.java,nameInDictionary,aSlaveModel,a
0,Wed Feb 23 10:15:23 EST 2022,true,comp533\salve\SlaveInterface.java,nameInDictionary,aSlaveModel,slave
0,Wed Feb 23 10:15:23 EST 2022,true,comp533\salve\SlaveInterface.java,nameInDictionary,aSlaveModel,model
0,Wed Feb 23 10:15:23 EST 2022,true,comp533\salve\SlaveInterface.java,nameInDictionary,aLocalList,a
0,Wed Feb 23 10:15:23 EST 2022,true,comp533\salve\SlaveInterface.java,nameInDictionary,aLocalList,local
0,Wed Feb 23 10:15:23 EST 2022,true,comp533\salve\SlaveInterface.java,nameInDictionary,aLocalList,list
0,Wed Feb 23 10:15:23 EST 2022,true,comp533\salve\SlaveInterface.java,nameInDictionary,aLoop,a
0,Wed Feb 23 10:15:23 EST 2022,true,comp533\salve\SlaveInterface.java,nameInDictionary,aLoop,loop
0,Wed Feb 23 10:15:23 EST 2022,true,comp533\salve\SlaveInterface.java,variableHasInterfaceType,ModelInterface,aSlaveModel
