#,Time,%Passes,Change,Test,Pass,Partial,Fail,Untested
0,Mon Mar 28 08:52:27 EDT 2022,0,0,A5SpecificStyleSuite, , ,A5ExpectedCalls+ A5ExpectedInterfaces+ A5ExpectedSignatures+ A5ProjectOrganization+ A5SpuriousCalls+ A5TaggedClassesDefined+ ,A5AccessModifiersMatched A5InterfaceAsType A5MnemonicNames A5NamedConstants A5NoCheckstyleWarnings A5PublicMethodsOverride GIPCRMIClientMetaStateBroadcast GIPCRMIClientMetaStateNoBroadcast GIPCRMIOneClientConnection GIPCRMIOneClientReadWriteNonAtomic GIPCRMIServerMetaStateBroadcast GIPCRMIServerMetaStateNoBroadcast GIPCRMIStaticArguments GIPCRMITwoClientConnection GIPCRMITwoClientReadWriteNonAtomic ,
1,Mon Mar 28 08:52:35 EDT 2022,0,0,A5SpecificStyleSuite, , ,A5ExpectedCalls A5ExpectedInterfaces A5ExpectedSignatures A5ProjectOrganization A5SpuriousCalls A5TaggedClassesDefined ,A5AccessModifiersMatched A5InterfaceAsType A5MnemonicNames A5NamedConstants A5NoCheckstyleWarnings A5PublicMethodsOverride GIPCRMIClientMetaStateBroadcast GIPCRMIClientMetaStateNoBroadcast GIPCRMIOneClientConnection GIPCRMIOneClientReadWriteNonAtomic GIPCRMIServerMetaStateBroadcast GIPCRMIServerMetaStateNoBroadcast GIPCRMIStaticArguments GIPCRMITwoClientConnection GIPCRMITwoClientReadWriteNonAtomic ,
2,Mon Mar 28 08:53:07 EDT 2022,0,0,Assignment5OneClientSuite, , ,A5ExpectedCalls A5ExpectedInterfaces A5ExpectedSignatures A5ProjectOrganization A5SpuriousCalls A5TaggedClassesDefined GIPCRMIOneClientConnection+ GIPCRMIOneClientReadWriteNonAtomic+ GIPCRMIStaticArguments+ ,A5AccessModifiersMatched A5InterfaceAsType A5MnemonicNames A5NamedConstants A5NoCheckstyleWarnings A5PublicMethodsOverride GIPCRMIClientMetaStateBroadcast GIPCRMIClientMetaStateNoBroadcast GIPCRMIServerMetaStateBroadcast GIPCRMIServerMetaStateNoBroadcast GIPCRMITwoClientConnection GIPCRMITwoClientReadWriteNonAtomic ,
3,Mon Mar 28 08:53:22 EDT 2022,0,0,Assignment5OneClientSuite, , ,A5ExpectedCalls A5ExpectedInterfaces A5ExpectedSignatures A5ProjectOrganization A5SpuriousCalls A5TaggedClassesDefined GIPCRMIOneClientConnection GIPCRMIOneClientReadWriteNonAtomic GIPCRMIStaticArguments ,A5AccessModifiersMatched A5InterfaceAsType A5MnemonicNames A5NamedConstants A5NoCheckstyleWarnings A5PublicMethodsOverride GIPCRMIClientMetaStateBroadcast GIPCRMIClientMetaStateNoBroadcast GIPCRMIServerMetaStateBroadcast GIPCRMIServerMetaStateNoBroadcast GIPCRMITwoClientConnection GIPCRMITwoClientReadWriteNonAtomic ,
4,Mon Mar 28 08:53:26 EDT 2022,0,0,Assignment5TwoClientSuite, , ,A5ExpectedCalls A5ExpectedInterfaces A5ExpectedSignatures A5ProjectOrganization A5SpuriousCalls A5TaggedClassesDefined GIPCRMIClientMetaStateBroadcast+ GIPCRMIClientMetaStateNoBroadcast+ GIPCRMIOneClientConnection GIPCRMIOneClientReadWriteNonAtomic GIPCRMIServerMetaStateBroadcast+ GIPCRMIServerMetaStateNoBroadcast+ GIPCRMIStaticArguments GIPCRMITwoClientConnection+ GIPCRMITwoClientReadWriteNonAtomic+ ,A5AccessModifiersMatched A5InterfaceAsType A5MnemonicNames A5NamedConstants A5NoCheckstyleWarnings A5PublicMethodsOverride ,
5,Mon Mar 28 08:53:48 EDT 2022,0,0,A5GeneralStyleSuite, , ,A5AccessModifiersMatched+ A5ExpectedCalls A5ExpectedInterfaces A5ExpectedSignatures A5InterfaceAsType+ A5MnemonicNames+ A5NamedConstants+ A5NoCheckstyleWarnings+ A5ProjectOrganization A5PublicMethodsOverride+ A5SpuriousCalls A5TaggedClassesDefined GIPCRMIClientMetaStateBroadcast GIPCRMIClientMetaStateNoBroadcast GIPCRMIOneClientConnection GIPCRMIOneClientReadWriteNonAtomic GIPCRMIServerMetaStateBroadcast GIPCRMIServerMetaStateNoBroadcast GIPCRMIStaticArguments GIPCRMITwoClientConnection GIPCRMITwoClientReadWriteNonAtomic , ,
6,Mon Mar 28 08:54:23 EDT 2022,23,23,A5GeneralStyleSuite,A5AccessModifiersMatched+ A5InterfaceAsType+ A5MnemonicNames+ A5NamedConstants+ A5PublicMethodsOverride+ , ,A5ExpectedCalls A5ExpectedInterfaces A5ExpectedSignatures A5NoCheckstyleWarnings A5ProjectOrganization A5SpuriousCalls A5TaggedClassesDefined GIPCRMIClientMetaStateBroadcast GIPCRMIClientMetaStateNoBroadcast GIPCRMIOneClientConnection GIPCRMIOneClientReadWriteNonAtomic GIPCRMIServerMetaStateBroadcast GIPCRMIServerMetaStateNoBroadcast GIPCRMIStaticArguments GIPCRMITwoClientConnection GIPCRMITwoClientReadWriteNonAtomic , ,
7,Mon Mar 28 08:54:26 EDT 2022,23,0,A5NoCheckstyleWarnings,A5AccessModifiersMatched A5InterfaceAsType A5MnemonicNames A5NamedConstants A5PublicMethodsOverride , ,A5ExpectedCalls A5ExpectedInterfaces A5ExpectedSignatures A5NoCheckstyleWarnings A5ProjectOrganization A5SpuriousCalls A5TaggedClassesDefined GIPCRMIClientMetaStateBroadcast GIPCRMIClientMetaStateNoBroadcast GIPCRMIOneClientConnection GIPCRMIOneClientReadWriteNonAtomic GIPCRMIServerMetaStateBroadcast GIPCRMIServerMetaStateNoBroadcast GIPCRMIStaticArguments GIPCRMITwoClientConnection GIPCRMITwoClientReadWriteNonAtomic , ,
8,Mon Mar 28 08:54:27 EDT 2022,23,0,A5NoCheckstyleWarnings,A5AccessModifiersMatched A5InterfaceAsType A5MnemonicNames A5NamedConstants A5PublicMethodsOverride , ,A5ExpectedCalls A5ExpectedInterfaces A5ExpectedSignatures A5NoCheckstyleWarnings A5ProjectOrganization A5SpuriousCalls A5TaggedClassesDefined GIPCRMIClientMetaStateBroadcast GIPCRMIClientMetaStateNoBroadcast GIPCRMIOneClientConnection GIPCRMIOneClientReadWriteNonAtomic GIPCRMIServerMetaStateBroadcast GIPCRMIServerMetaStateNoBroadcast GIPCRMIStaticArguments GIPCRMITwoClientConnection GIPCRMITwoClientReadWriteNonAtomic , ,
9,Mon Mar 28 08:54:29 EDT 2022,23,0,A5SpecificStyleSuite,A5AccessModifiersMatched A5InterfaceAsType A5MnemonicNames A5NamedConstants A5PublicMethodsOverride ,A5TaggedClassesDefined+ ,A5ExpectedCalls A5ExpectedInterfaces A5ExpectedSignatures A5NoCheckstyleWarnings A5ProjectOrganization A5SpuriousCalls GIPCRMIClientMetaStateBroadcast GIPCRMIClientMetaStateNoBroadcast GIPCRMIOneClientConnection GIPCRMIOneClientReadWriteNonAtomic GIPCRMIServerMetaStateBroadcast GIPCRMIServerMetaStateNoBroadcast GIPCRMIStaticArguments GIPCRMITwoClientConnection GIPCRMITwoClientReadWriteNonAtomic , ,
10,Mon Mar 28 08:54:31 EDT 2022,23,0,A5TaggedClassesDefined,A5AccessModifiersMatched A5InterfaceAsType A5MnemonicNames A5NamedConstants A5PublicMethodsOverride ,A5TaggedClassesDefined ,A5ExpectedCalls A5ExpectedInterfaces A5ExpectedSignatures A5NoCheckstyleWarnings A5ProjectOrganization A5SpuriousCalls GIPCRMIClientMetaStateBroadcast GIPCRMIClientMetaStateNoBroadcast GIPCRMIOneClientConnection GIPCRMIOneClientReadWriteNonAtomic GIPCRMIServerMetaStateBroadcast GIPCRMIServerMetaStateNoBroadcast GIPCRMIStaticArguments GIPCRMITwoClientConnection GIPCRMITwoClientReadWriteNonAtomic , ,
11,Mon Mar 28 09:17:38 EDT 2022,38,15,A5SpecificStyleSuite,A5AccessModifiersMatched A5ExpectedInterfaces+ A5InterfaceAsType A5MnemonicNames A5NamedConstants A5PublicMethodsOverride A5SpuriousCalls+ A5TaggedClassesDefined+ ,A5ExpectedCalls+ A5ExpectedSignatures+ ,A5NoCheckstyleWarnings A5ProjectOrganization GIPCRMIClientMetaStateBroadcast GIPCRMIClientMetaStateNoBroadcast GIPCRMIOneClientConnection GIPCRMIOneClientReadWriteNonAtomic GIPCRMIServerMetaStateBroadcast GIPCRMIServerMetaStateNoBroadcast GIPCRMIStaticArguments GIPCRMITwoClientConnection GIPCRMITwoClientReadWriteNonAtomic , ,
12,Mon Mar 28 09:17:43 EDT 2022,38,0,A5ExpectedCalls,A5AccessModifiersMatched A5ExpectedInterfaces A5InterfaceAsType A5MnemonicNames A5NamedConstants A5PublicMethodsOverride A5SpuriousCalls A5TaggedClassesDefined ,A5ExpectedCalls A5ExpectedSignatures ,A5NoCheckstyleWarnings A5ProjectOrganization GIPCRMIClientMetaStateBroadcast GIPCRMIClientMetaStateNoBroadcast GIPCRMIOneClientConnection GIPCRMIOneClientReadWriteNonAtomic GIPCRMIServerMetaStateBroadcast GIPCRMIServerMetaStateNoBroadcast GIPCRMIStaticArguments GIPCRMITwoClientConnection GIPCRMITwoClientReadWriteNonAtomic , ,
13,Mon Mar 28 09:17:47 EDT 2022,38,0,A5ExpectedSignatures,A5AccessModifiersMatched A5ExpectedInterfaces A5InterfaceAsType A5MnemonicNames A5NamedConstants A5PublicMethodsOverride A5SpuriousCalls A5TaggedClassesDefined ,A5ExpectedCalls A5ExpectedSignatures ,A5NoCheckstyleWarnings A5ProjectOrganization GIPCRMIClientMetaStateBroadcast GIPCRMIClientMetaStateNoBroadcast GIPCRMIOneClientConnection GIPCRMIOneClientReadWriteNonAtomic GIPCRMIServerMetaStateBroadcast GIPCRMIServerMetaStateNoBroadcast GIPCRMIStaticArguments GIPCRMITwoClientConnection GIPCRMITwoClientReadWriteNonAtomic , ,
14,Mon Mar 28 09:27:47 EDT 2022,38,0,A5SpecificStyleSuite,A5AccessModifiersMatched A5ExpectedInterfaces A5InterfaceAsType A5MnemonicNames A5NamedConstants A5PublicMethodsOverride A5SpuriousCalls A5TaggedClassesDefined ,A5ExpectedCalls A5ExpectedSignatures ,A5NoCheckstyleWarnings A5ProjectOrganization GIPCRMIClientMetaStateBroadcast GIPCRMIClientMetaStateNoBroadcast GIPCRMIOneClientConnection GIPCRMIOneClientReadWriteNonAtomic GIPCRMIServerMetaStateBroadcast GIPCRMIServerMetaStateNoBroadcast GIPCRMIStaticArguments GIPCRMITwoClientConnection GIPCRMITwoClientReadWriteNonAtomic , ,
15,Mon Mar 28 09:30:10 EDT 2022,38,0,A5SpecificStyleSuite,A5AccessModifiersMatched A5ExpectedInterfaces A5InterfaceAsType A5MnemonicNames A5NamedConstants A5PublicMethodsOverride A5SpuriousCalls A5TaggedClassesDefined ,A5ExpectedCalls A5ExpectedSignatures ,A5NoCheckstyleWarnings A5ProjectOrganization GIPCRMIClientMetaStateBroadcast GIPCRMIClientMetaStateNoBroadcast GIPCRMIOneClientConnection GIPCRMIOneClientReadWriteNonAtomic GIPCRMIServerMetaStateBroadcast GIPCRMIServerMetaStateNoBroadcast GIPCRMIStaticArguments GIPCRMITwoClientConnection GIPCRMITwoClientReadWriteNonAtomic , ,
16,Mon Mar 28 09:30:11 EDT 2022,38,0,A5SpecificStyleSuite,A5AccessModifiersMatched A5ExpectedInterfaces A5InterfaceAsType A5MnemonicNames A5NamedConstants A5PublicMethodsOverride A5SpuriousCalls A5TaggedClassesDefined ,A5ExpectedCalls A5ExpectedSignatures ,A5NoCheckstyleWarnings A5ProjectOrganization GIPCRMIClientMetaStateBroadcast GIPCRMIClientMetaStateNoBroadcast GIPCRMIOneClientConnection GIPCRMIOneClientReadWriteNonAtomic GIPCRMIServerMetaStateBroadcast GIPCRMIServerMetaStateNoBroadcast GIPCRMIStaticArguments GIPCRMITwoClientConnection GIPCRMITwoClientReadWriteNonAtomic , ,
17,Mon Mar 28 09:30:12 EDT 2022,38,0,A5GeneralStyleSuite,A5AccessModifiersMatched A5ExpectedInterfaces A5InterfaceAsType A5MnemonicNames A5NamedConstants A5PublicMethodsOverride A5SpuriousCalls A5TaggedClassesDefined ,A5ExpectedCalls A5ExpectedSignatures ,A5NoCheckstyleWarnings A5ProjectOrganization GIPCRMIClientMetaStateBroadcast GIPCRMIClientMetaStateNoBroadcast GIPCRMIOneClientConnection GIPCRMIOneClientReadWriteNonAtomic GIPCRMIServerMetaStateBroadcast GIPCRMIServerMetaStateNoBroadcast GIPCRMIStaticArguments GIPCRMITwoClientConnection GIPCRMITwoClientReadWriteNonAtomic , ,
18,Mon Mar 28 09:30:14 EDT 2022,38,0,A5GeneralStyleSuite,A5AccessModifiersMatched A5ExpectedInterfaces A5InterfaceAsType A5MnemonicNames A5NamedConstants A5PublicMethodsOverride A5SpuriousCalls A5TaggedClassesDefined ,A5ExpectedCalls A5ExpectedSignatures ,A5NoCheckstyleWarnings A5ProjectOrganization GIPCRMIClientMetaStateBroadcast GIPCRMIClientMetaStateNoBroadcast GIPCRMIOneClientConnection GIPCRMIOneClientReadWriteNonAtomic GIPCRMIServerMetaStateBroadcast GIPCRMIServerMetaStateNoBroadcast GIPCRMIStaticArguments GIPCRMITwoClientConnection GIPCRMITwoClientReadWriteNonAtomic , ,
19,Mon Mar 28 09:33:16 EDT 2022,38,0,Assignment5OneClientSuite,A5AccessModifiersMatched A5ExpectedInterfaces A5InterfaceAsType A5MnemonicNames A5NamedConstants A5PublicMethodsOverride A5SpuriousCalls A5TaggedClassesDefined ,A5ExpectedCalls A5ExpectedSignatures GIPCRMIStaticArguments+ ,A5NoCheckstyleWarnings A5ProjectOrganization GIPCRMIClientMetaStateBroadcast GIPCRMIClientMetaStateNoBroadcast GIPCRMIOneClientConnection GIPCRMIOneClientReadWriteNonAtomic GIPCRMIServerMetaStateBroadcast GIPCRMIServerMetaStateNoBroadcast GIPCRMITwoClientConnection GIPCRMITwoClientReadWriteNonAtomic , ,
20,Mon Mar 28 09:33:40 EDT 2022,38,0,GIPCRMIStaticArguments,A5AccessModifiersMatched A5ExpectedInterfaces A5InterfaceAsType A5MnemonicNames A5NamedConstants A5PublicMethodsOverride A5SpuriousCalls A5TaggedClassesDefined ,A5ExpectedCalls A5ExpectedSignatures GIPCRMIStaticArguments ,A5NoCheckstyleWarnings A5ProjectOrganization GIPCRMIClientMetaStateBroadcast GIPCRMIClientMetaStateNoBroadcast GIPCRMIOneClientConnection GIPCRMIOneClientReadWriteNonAtomic GIPCRMIServerMetaStateBroadcast GIPCRMIServerMetaStateNoBroadcast GIPCRMITwoClientConnection GIPCRMITwoClientReadWriteNonAtomic , ,
21,Mon Mar 28 09:45:05 EDT 2022,38,0,Assignment5TwoClientSuite,A5AccessModifiersMatched A5ExpectedInterfaces A5InterfaceAsType A5MnemonicNames A5NamedConstants A5PublicMethodsOverride A5SpuriousCalls A5TaggedClassesDefined ,A5ExpectedCalls A5ExpectedSignatures GIPCRMIStaticArguments ,A5NoCheckstyleWarnings A5ProjectOrganization GIPCRMIClientMetaStateBroadcast GIPCRMIClientMetaStateNoBroadcast GIPCRMIOneClientConnection GIPCRMIOneClientReadWriteNonAtomic GIPCRMIServerMetaStateBroadcast GIPCRMIServerMetaStateNoBroadcast GIPCRMITwoClientConnection GIPCRMITwoClientReadWriteNonAtomic , ,
22,Mon Mar 28 09:45:05 EDT 2022,38,0,Assignment5TwoClientSuite,A5AccessModifiersMatched A5ExpectedInterfaces A5InterfaceAsType A5MnemonicNames A5NamedConstants A5PublicMethodsOverride A5SpuriousCalls A5TaggedClassesDefined ,A5ExpectedCalls A5ExpectedSignatures GIPCRMIStaticArguments ,A5NoCheckstyleWarnings A5ProjectOrganization GIPCRMIClientMetaStateBroadcast GIPCRMIClientMetaStateNoBroadcast GIPCRMIOneClientConnection GIPCRMIOneClientReadWriteNonAtomic GIPCRMIServerMetaStateBroadcast GIPCRMIServerMetaStateNoBroadcast GIPCRMITwoClientConnection GIPCRMITwoClientReadWriteNonAtomic , ,
23,Mon Mar 28 09:45:23 EDT 2022,38,0,Assignment5TwoClientSuite,A5AccessModifiersMatched A5ExpectedInterfaces A5InterfaceAsType A5MnemonicNames A5NamedConstants A5PublicMethodsOverride A5SpuriousCalls A5TaggedClassesDefined ,A5ExpectedCalls A5ExpectedSignatures GIPCRMIStaticArguments ,A5NoCheckstyleWarnings A5ProjectOrganization GIPCRMIClientMetaStateBroadcast GIPCRMIClientMetaStateNoBroadcast GIPCRMIOneClientConnection GIPCRMIOneClientReadWriteNonAtomic GIPCRMIServerMetaStateBroadcast GIPCRMIServerMetaStateNoBroadcast GIPCRMITwoClientConnection GIPCRMITwoClientReadWriteNonAtomic , ,
24,Mon Mar 28 09:45:26 EDT 2022,38,0,A5GeneralStyleSuite,A5AccessModifiersMatched A5ExpectedInterfaces A5InterfaceAsType A5MnemonicNames A5NamedConstants A5PublicMethodsOverride A5SpuriousCalls A5TaggedClassesDefined ,A5ExpectedCalls A5ExpectedSignatures GIPCRMIStaticArguments ,A5NoCheckstyleWarnings A5ProjectOrganization GIPCRMIClientMetaStateBroadcast GIPCRMIClientMetaStateNoBroadcast GIPCRMIOneClientConnection GIPCRMIOneClientReadWriteNonAtomic GIPCRMIServerMetaStateBroadcast GIPCRMIServerMetaStateNoBroadcast GIPCRMITwoClientConnection GIPCRMITwoClientReadWriteNonAtomic , ,
25,Mon Mar 28 09:45:28 EDT 2022,38,0,A5GeneralStyleSuite,A5AccessModifiersMatched A5ExpectedInterfaces A5InterfaceAsType A5MnemonicNames A5NamedConstants A5PublicMethodsOverride A5SpuriousCalls A5TaggedClassesDefined ,A5ExpectedCalls A5ExpectedSignatures GIPCRMIStaticArguments ,A5NoCheckstyleWarnings A5ProjectOrganization GIPCRMIClientMetaStateBroadcast GIPCRMIClientMetaStateNoBroadcast GIPCRMIOneClientConnection GIPCRMIOneClientReadWriteNonAtomic GIPCRMIServerMetaStateBroadcast GIPCRMIServerMetaStateNoBroadcast GIPCRMITwoClientConnection GIPCRMITwoClientReadWriteNonAtomic , ,
26,Mon Mar 28 09:45:31 EDT 2022,38,0,GIPCRMIStaticArguments,A5AccessModifiersMatched A5ExpectedInterfaces A5InterfaceAsType A5MnemonicNames A5NamedConstants A5PublicMethodsOverride A5SpuriousCalls A5TaggedClassesDefined ,A5ExpectedCalls A5ExpectedSignatures GIPCRMIStaticArguments ,A5NoCheckstyleWarnings A5ProjectOrganization GIPCRMIClientMetaStateBroadcast GIPCRMIClientMetaStateNoBroadcast GIPCRMIOneClientConnection GIPCRMIOneClientReadWriteNonAtomic GIPCRMIServerMetaStateBroadcast GIPCRMIServerMetaStateNoBroadcast GIPCRMITwoClientConnection GIPCRMITwoClientReadWriteNonAtomic , ,
27,Mon Mar 28 09:45:34 EDT 2022,38,0,Assignment5OneClientSuite,A5AccessModifiersMatched A5ExpectedInterfaces A5InterfaceAsType A5MnemonicNames A5NamedConstants A5PublicMethodsOverride A5SpuriousCalls A5TaggedClassesDefined ,A5ExpectedCalls A5ExpectedSignatures GIPCRMIStaticArguments ,A5NoCheckstyleWarnings A5ProjectOrganization GIPCRMIClientMetaStateBroadcast GIPCRMIClientMetaStateNoBroadcast GIPCRMIOneClientConnection GIPCRMIOneClientReadWriteNonAtomic GIPCRMIServerMetaStateBroadcast GIPCRMIServerMetaStateNoBroadcast GIPCRMITwoClientConnection GIPCRMITwoClientReadWriteNonAtomic , ,
28,Mon Mar 28 10:18:32 EDT 2022,38,0,Assignment5OneClientSuite,A5AccessModifiersMatched A5ExpectedInterfaces A5InterfaceAsType A5MnemonicNames A5NamedConstants A5PublicMethodsOverride A5SpuriousCalls A5TaggedClassesDefined ,A5ExpectedCalls A5ExpectedSignatures GIPCRMIOneClientConnection+ GIPCRMIStaticArguments ,A5NoCheckstyleWarnings A5ProjectOrganization GIPCRMIClientMetaStateBroadcast GIPCRMIClientMetaStateNoBroadcast GIPCRMIOneClientReadWriteNonAtomic GIPCRMIServerMetaStateBroadcast GIPCRMIServerMetaStateNoBroadcast GIPCRMITwoClientConnection GIPCRMITwoClientReadWriteNonAtomic , ,
29,Mon Mar 28 10:21:50 EDT 2022,38,0,GIPCRMIOneClientConnection,A5AccessModifiersMatched A5ExpectedInterfaces A5InterfaceAsType A5MnemonicNames A5NamedConstants A5PublicMethodsOverride A5SpuriousCalls A5TaggedClassesDefined ,A5ExpectedCalls A5ExpectedSignatures GIPCRMIOneClientConnection GIPCRMIStaticArguments ,A5NoCheckstyleWarnings A5ProjectOrganization GIPCRMIClientMetaStateBroadcast GIPCRMIClientMetaStateNoBroadcast GIPCRMIOneClientReadWriteNonAtomic GIPCRMIServerMetaStateBroadcast GIPCRMIServerMetaStateNoBroadcast GIPCRMITwoClientConnection GIPCRMITwoClientReadWriteNonAtomic , ,
30,Mon Mar 28 10:21:56 EDT 2022,38,0,GIPCRMIOneClientReadWriteNonAtomic,A5AccessModifiersMatched A5ExpectedInterfaces A5InterfaceAsType A5MnemonicNames A5NamedConstants A5PublicMethodsOverride A5SpuriousCalls A5TaggedClassesDefined ,A5ExpectedCalls A5ExpectedSignatures GIPCRMIOneClientConnection GIPCRMIStaticArguments ,A5NoCheckstyleWarnings A5ProjectOrganization GIPCRMIClientMetaStateBroadcast GIPCRMIClientMetaStateNoBroadcast GIPCRMIOneClientReadWriteNonAtomic GIPCRMIServerMetaStateBroadcast GIPCRMIServerMetaStateNoBroadcast GIPCRMITwoClientConnection GIPCRMITwoClientReadWriteNonAtomic , ,
31,Mon Mar 28 10:22:15 EDT 2022,38,0,GIPCRMIOneClientReadWriteNonAtomic,A5AccessModifiersMatched A5ExpectedInterfaces A5InterfaceAsType A5MnemonicNames A5NamedConstants A5PublicMethodsOverride A5SpuriousCalls A5TaggedClassesDefined ,A5ExpectedCalls A5ExpectedSignatures GIPCRMIOneClientConnection GIPCRMIStaticArguments ,A5NoCheckstyleWarnings A5ProjectOrganization GIPCRMIClientMetaStateBroadcast GIPCRMIClientMetaStateNoBroadcast GIPCRMIOneClientReadWriteNonAtomic GIPCRMIServerMetaStateBroadcast GIPCRMIServerMetaStateNoBroadcast GIPCRMITwoClientConnection GIPCRMITwoClientReadWriteNonAtomic , ,
32,Mon Mar 28 10:23:12 EDT 2022,38,0,GIPCRMIOneClientReadWriteNonAtomic,A5AccessModifiersMatched A5ExpectedInterfaces A5InterfaceAsType A5MnemonicNames A5NamedConstants A5PublicMethodsOverride A5SpuriousCalls A5TaggedClassesDefined ,A5ExpectedCalls A5ExpectedSignatures GIPCRMIOneClientConnection GIPCRMIStaticArguments ,A5NoCheckstyleWarnings A5ProjectOrganization GIPCRMIClientMetaStateBroadcast GIPCRMIClientMetaStateNoBroadcast GIPCRMIOneClientReadWriteNonAtomic GIPCRMIServerMetaStateBroadcast GIPCRMIServerMetaStateNoBroadcast GIPCRMITwoClientConnection GIPCRMITwoClientReadWriteNonAtomic , ,
33,Mon Mar 28 10:57:29 EDT 2022,38,0,A5SpecificStyleSuite,A5AccessModifiersMatched A5ExpectedInterfaces A5InterfaceAsType A5MnemonicNames A5NamedConstants A5PublicMethodsOverride A5SpuriousCalls A5TaggedClassesDefined ,A5ExpectedCalls A5ExpectedSignatures GIPCRMIOneClientConnection GIPCRMIStaticArguments ,A5NoCheckstyleWarnings A5ProjectOrganization GIPCRMIClientMetaStateBroadcast GIPCRMIClientMetaStateNoBroadcast GIPCRMIOneClientReadWriteNonAtomic GIPCRMIServerMetaStateBroadcast GIPCRMIServerMetaStateNoBroadcast GIPCRMITwoClientConnection GIPCRMITwoClientReadWriteNonAtomic , ,
34,Mon Mar 28 10:57:32 EDT 2022,38,0,A5SpecificStyleSuite,A5AccessModifiersMatched A5ExpectedInterfaces A5InterfaceAsType A5MnemonicNames A5NamedConstants A5PublicMethodsOverride A5SpuriousCalls A5TaggedClassesDefined ,A5ExpectedCalls A5ExpectedSignatures GIPCRMIOneClientConnection GIPCRMIStaticArguments ,A5NoCheckstyleWarnings A5ProjectOrganization GIPCRMIClientMetaStateBroadcast GIPCRMIClientMetaStateNoBroadcast GIPCRMIOneClientReadWriteNonAtomic GIPCRMIServerMetaStateBroadcast GIPCRMIServerMetaStateNoBroadcast GIPCRMITwoClientConnection GIPCRMITwoClientReadWriteNonAtomic , ,
35,Mon Mar 28 10:57:33 EDT 2022,33,-5,A5GeneralStyleSuite,A5AccessModifiersMatched A5ExpectedInterfaces A5InterfaceAsType A5MnemonicNames A5NamedConstants A5SpuriousCalls A5TaggedClassesDefined ,A5ExpectedCalls A5ExpectedSignatures A5PublicMethodsOverride- GIPCRMIOneClientConnection GIPCRMIStaticArguments ,A5NoCheckstyleWarnings A5ProjectOrganization GIPCRMIClientMetaStateBroadcast GIPCRMIClientMetaStateNoBroadcast GIPCRMIOneClientReadWriteNonAtomic GIPCRMIServerMetaStateBroadcast GIPCRMIServerMetaStateNoBroadcast GIPCRMITwoClientConnection GIPCRMITwoClientReadWriteNonAtomic , ,
36,Mon Mar 28 10:57:37 EDT 2022,33,0,A5GeneralStyleSuite,A5AccessModifiersMatched A5ExpectedInterfaces A5InterfaceAsType A5MnemonicNames A5NamedConstants A5SpuriousCalls A5TaggedClassesDefined ,A5ExpectedCalls A5ExpectedSignatures A5PublicMethodsOverride GIPCRMIOneClientConnection GIPCRMIStaticArguments ,A5NoCheckstyleWarnings A5ProjectOrganization GIPCRMIClientMetaStateBroadcast GIPCRMIClientMetaStateNoBroadcast GIPCRMIOneClientReadWriteNonAtomic GIPCRMIServerMetaStateBroadcast GIPCRMIServerMetaStateNoBroadcast GIPCRMITwoClientConnection GIPCRMITwoClientReadWriteNonAtomic , ,
37,Mon Mar 28 11:25:48 EDT 2022,33,0,A5SpecificStyleSuite,A5AccessModifiersMatched A5ExpectedInterfaces A5InterfaceAsType A5MnemonicNames A5NamedConstants A5SpuriousCalls A5TaggedClassesDefined ,A5ExpectedCalls A5ExpectedSignatures A5PublicMethodsOverride GIPCRMIOneClientConnection GIPCRMIStaticArguments ,A5NoCheckstyleWarnings A5ProjectOrganization GIPCRMIClientMetaStateBroadcast GIPCRMIClientMetaStateNoBroadcast GIPCRMIOneClientReadWriteNonAtomic GIPCRMIServerMetaStateBroadcast GIPCRMIServerMetaStateNoBroadcast GIPCRMITwoClientConnection GIPCRMITwoClientReadWriteNonAtomic , ,
38,Mon Mar 28 11:25:51 EDT 2022,33,0,A5ExpectedSignatures,A5AccessModifiersMatched A5ExpectedInterfaces A5InterfaceAsType A5MnemonicNames A5NamedConstants A5SpuriousCalls A5TaggedClassesDefined ,A5ExpectedCalls A5ExpectedSignatures A5PublicMethodsOverride GIPCRMIOneClientConnection GIPCRMIStaticArguments ,A5NoCheckstyleWarnings A5ProjectOrganization GIPCRMIClientMetaStateBroadcast GIPCRMIClientMetaStateNoBroadcast GIPCRMIOneClientReadWriteNonAtomic GIPCRMIServerMetaStateBroadcast GIPCRMIServerMetaStateNoBroadcast GIPCRMITwoClientConnection GIPCRMITwoClientReadWriteNonAtomic , ,
39,Mon Mar 28 11:26:23 EDT 2022,33,0,A5ExpectedSignatures,A5AccessModifiersMatched A5ExpectedInterfaces A5InterfaceAsType A5MnemonicNames A5NamedConstants A5SpuriousCalls A5TaggedClassesDefined ,A5ExpectedCalls A5ExpectedSignatures A5PublicMethodsOverride GIPCRMIOneClientConnection GIPCRMIStaticArguments ,A5NoCheckstyleWarnings A5ProjectOrganization GIPCRMIClientMetaStateBroadcast GIPCRMIClientMetaStateNoBroadcast GIPCRMIOneClientReadWriteNonAtomic GIPCRMIServerMetaStateBroadcast GIPCRMIServerMetaStateNoBroadcast GIPCRMITwoClientConnection GIPCRMITwoClientReadWriteNonAtomic , ,
40,Mon Mar 28 11:26:43 EDT 2022,33,0,A5GeneralStyleSuite,A5AccessModifiersMatched A5ExpectedInterfaces A5InterfaceAsType A5MnemonicNames A5NamedConstants A5SpuriousCalls A5TaggedClassesDefined ,A5ExpectedCalls A5ExpectedSignatures A5PublicMethodsOverride GIPCRMIOneClientConnection GIPCRMIStaticArguments ,A5NoCheckstyleWarnings A5ProjectOrganization GIPCRMIClientMetaStateBroadcast GIPCRMIClientMetaStateNoBroadcast GIPCRMIOneClientReadWriteNonAtomic GIPCRMIServerMetaStateBroadcast GIPCRMIServerMetaStateNoBroadcast GIPCRMITwoClientConnection GIPCRMITwoClientReadWriteNonAtomic , ,
41,Mon Mar 28 11:26:50 EDT 2022,33,0,A5PublicMethodsOverride,A5AccessModifiersMatched A5ExpectedInterfaces A5InterfaceAsType A5MnemonicNames A5NamedConstants A5SpuriousCalls A5TaggedClassesDefined ,A5ExpectedCalls A5ExpectedSignatures A5PublicMethodsOverride GIPCRMIOneClientConnection GIPCRMIStaticArguments ,A5NoCheckstyleWarnings A5ProjectOrganization GIPCRMIClientMetaStateBroadcast GIPCRMIClientMetaStateNoBroadcast GIPCRMIOneClientReadWriteNonAtomic GIPCRMIServerMetaStateBroadcast GIPCRMIServerMetaStateNoBroadcast GIPCRMITwoClientConnection GIPCRMITwoClientReadWriteNonAtomic , ,
42,Mon Mar 28 11:28:48 EDT 2022,33,0,A5GeneralStyleSuite,A5AccessModifiersMatched A5ExpectedInterfaces A5InterfaceAsType A5MnemonicNames A5NamedConstants A5SpuriousCalls A5TaggedClassesDefined ,A5ExpectedCalls A5ExpectedSignatures A5PublicMethodsOverride GIPCRMIOneClientConnection GIPCRMIStaticArguments ,A5NoCheckstyleWarnings A5ProjectOrganization GIPCRMIClientMetaStateBroadcast GIPCRMIClientMetaStateNoBroadcast GIPCRMIOneClientReadWriteNonAtomic GIPCRMIServerMetaStateBroadcast GIPCRMIServerMetaStateNoBroadcast GIPCRMITwoClientConnection GIPCRMITwoClientReadWriteNonAtomic , ,
43,Mon Mar 28 11:28:50 EDT 2022,33,0,A5PublicMethodsOverride,A5AccessModifiersMatched A5ExpectedInterfaces A5InterfaceAsType A5MnemonicNames A5NamedConstants A5SpuriousCalls A5TaggedClassesDefined ,A5ExpectedCalls A5ExpectedSignatures A5PublicMethodsOverride GIPCRMIOneClientConnection GIPCRMIStaticArguments ,A5NoCheckstyleWarnings A5ProjectOrganization GIPCRMIClientMetaStateBroadcast GIPCRMIClientMetaStateNoBroadcast GIPCRMIOneClientReadWriteNonAtomic GIPCRMIServerMetaStateBroadcast GIPCRMIServerMetaStateNoBroadcast GIPCRMITwoClientConnection GIPCRMITwoClientReadWriteNonAtomic , ,
44,Mon Mar 28 11:29:05 EDT 2022,33,0,A5SpecificStyleSuite,A5AccessModifiersMatched A5ExpectedInterfaces A5InterfaceAsType A5MnemonicNames A5NamedConstants A5SpuriousCalls A5TaggedClassesDefined ,A5ExpectedCalls A5ExpectedSignatures A5PublicMethodsOverride GIPCRMIOneClientConnection GIPCRMIStaticArguments ,A5NoCheckstyleWarnings A5ProjectOrganization GIPCRMIClientMetaStateBroadcast GIPCRMIClientMetaStateNoBroadcast GIPCRMIOneClientReadWriteNonAtomic GIPCRMIServerMetaStateBroadcast GIPCRMIServerMetaStateNoBroadcast GIPCRMITwoClientConnection GIPCRMITwoClientReadWriteNonAtomic , ,
45,Mon Mar 28 11:29:07 EDT 2022,33,0,A5SpecificStyleSuite,A5AccessModifiersMatched A5ExpectedInterfaces A5InterfaceAsType A5MnemonicNames A5NamedConstants A5SpuriousCalls A5TaggedClassesDefined ,A5ExpectedCalls A5ExpectedSignatures A5PublicMethodsOverride GIPCRMIOneClientConnection GIPCRMIStaticArguments ,A5NoCheckstyleWarnings A5ProjectOrganization GIPCRMIClientMetaStateBroadcast GIPCRMIClientMetaStateNoBroadcast GIPCRMIOneClientReadWriteNonAtomic GIPCRMIServerMetaStateBroadcast GIPCRMIServerMetaStateNoBroadcast GIPCRMITwoClientConnection GIPCRMITwoClientReadWriteNonAtomic , ,
46,Mon Mar 28 11:29:09 EDT 2022,33,0,A5GeneralStyleSuite,A5AccessModifiersMatched A5ExpectedInterfaces A5InterfaceAsType A5MnemonicNames A5NamedConstants A5SpuriousCalls A5TaggedClassesDefined ,A5ExpectedCalls A5ExpectedSignatures A5PublicMethodsOverride GIPCRMIOneClientConnection GIPCRMIStaticArguments ,A5NoCheckstyleWarnings A5ProjectOrganization GIPCRMIClientMetaStateBroadcast GIPCRMIClientMetaStateNoBroadcast GIPCRMIOneClientReadWriteNonAtomic GIPCRMIServerMetaStateBroadcast GIPCRMIServerMetaStateNoBroadcast GIPCRMITwoClientConnection GIPCRMITwoClientReadWriteNonAtomic , ,
47,Mon Mar 28 11:30:56 EDT 2022,38,5,A5GeneralStyleSuite,A5AccessModifiersMatched A5ExpectedInterfaces A5InterfaceAsType A5MnemonicNames A5NamedConstants A5PublicMethodsOverride+ A5SpuriousCalls A5TaggedClassesDefined ,A5ExpectedCalls A5ExpectedSignatures GIPCRMIOneClientConnection GIPCRMIStaticArguments ,A5NoCheckstyleWarnings A5ProjectOrganization GIPCRMIClientMetaStateBroadcast GIPCRMIClientMetaStateNoBroadcast GIPCRMIOneClientReadWriteNonAtomic GIPCRMIServerMetaStateBroadcast GIPCRMIServerMetaStateNoBroadcast GIPCRMITwoClientConnection GIPCRMITwoClientReadWriteNonAtomic , ,
48,Mon Mar 28 11:30:58 EDT 2022,38,0,A5GeneralStyleSuite,A5AccessModifiersMatched A5ExpectedInterfaces A5InterfaceAsType A5MnemonicNames A5NamedConstants A5PublicMethodsOverride A5SpuriousCalls A5TaggedClassesDefined ,A5ExpectedCalls A5ExpectedSignatures GIPCRMIOneClientConnection GIPCRMIStaticArguments ,A5NoCheckstyleWarnings A5ProjectOrganization GIPCRMIClientMetaStateBroadcast GIPCRMIClientMetaStateNoBroadcast GIPCRMIOneClientReadWriteNonAtomic GIPCRMIServerMetaStateBroadcast GIPCRMIServerMetaStateNoBroadcast GIPCRMITwoClientConnection GIPCRMITwoClientReadWriteNonAtomic , ,
49,Mon Mar 28 11:30:59 EDT 2022,38,0,A5SpecificStyleSuite,A5AccessModifiersMatched A5ExpectedInterfaces A5InterfaceAsType A5MnemonicNames A5NamedConstants A5PublicMethodsOverride A5SpuriousCalls A5TaggedClassesDefined ,A5ExpectedCalls A5ExpectedSignatures GIPCRMIOneClientConnection GIPCRMIStaticArguments ,A5NoCheckstyleWarnings A5ProjectOrganization GIPCRMIClientMetaStateBroadcast GIPCRMIClientMetaStateNoBroadcast GIPCRMIOneClientReadWriteNonAtomic GIPCRMIServerMetaStateBroadcast GIPCRMIServerMetaStateNoBroadcast GIPCRMITwoClientConnection GIPCRMITwoClientReadWriteNonAtomic , ,
50,Mon Mar 28 11:31:01 EDT 2022,38,0,A5SpecificStyleSuite,A5AccessModifiersMatched A5ExpectedInterfaces A5InterfaceAsType A5MnemonicNames A5NamedConstants A5PublicMethodsOverride A5SpuriousCalls A5TaggedClassesDefined ,A5ExpectedCalls A5ExpectedSignatures GIPCRMIOneClientConnection GIPCRMIStaticArguments ,A5NoCheckstyleWarnings A5ProjectOrganization GIPCRMIClientMetaStateBroadcast GIPCRMIClientMetaStateNoBroadcast GIPCRMIOneClientReadWriteNonAtomic GIPCRMIServerMetaStateBroadcast GIPCRMIServerMetaStateNoBroadcast GIPCRMITwoClientConnection GIPCRMITwoClientReadWriteNonAtomic , ,
51,Mon Mar 28 11:33:19 EDT 2022,42,4,Assignment5OneClientSuite,A5AccessModifiersMatched A5ExpectedInterfaces A5InterfaceAsType A5MnemonicNames A5NamedConstants A5PublicMethodsOverride A5SpuriousCalls A5TaggedClassesDefined GIPCRMIStaticArguments+ ,A5ExpectedCalls A5ExpectedSignatures ,A5NoCheckstyleWarnings A5ProjectOrganization GIPCRMIClientMetaStateBroadcast GIPCRMIClientMetaStateNoBroadcast GIPCRMIOneClientConnection- GIPCRMIOneClientReadWriteNonAtomic GIPCRMIServerMetaStateBroadcast GIPCRMIServerMetaStateNoBroadcast GIPCRMITwoClientConnection GIPCRMITwoClientReadWriteNonAtomic , ,
52,Mon Mar 28 11:33:24 EDT 2022,42,0,GIPCRMIStaticArguments,A5AccessModifiersMatched A5ExpectedInterfaces A5InterfaceAsType A5MnemonicNames A5NamedConstants A5PublicMethodsOverride A5SpuriousCalls A5TaggedClassesDefined GIPCRMIStaticArguments ,A5ExpectedCalls A5ExpectedSignatures ,A5NoCheckstyleWarnings A5ProjectOrganization GIPCRMIClientMetaStateBroadcast GIPCRMIClientMetaStateNoBroadcast GIPCRMIOneClientConnection GIPCRMIOneClientReadWriteNonAtomic GIPCRMIServerMetaStateBroadcast GIPCRMIServerMetaStateNoBroadcast GIPCRMITwoClientConnection GIPCRMITwoClientReadWriteNonAtomic , ,
53,Mon Mar 28 11:33:25 EDT 2022,42,0,GIPCRMIStaticArguments,A5AccessModifiersMatched A5ExpectedInterfaces A5InterfaceAsType A5MnemonicNames A5NamedConstants A5PublicMethodsOverride A5SpuriousCalls A5TaggedClassesDefined GIPCRMIStaticArguments ,A5ExpectedCalls A5ExpectedSignatures ,A5NoCheckstyleWarnings A5ProjectOrganization GIPCRMIClientMetaStateBroadcast GIPCRMIClientMetaStateNoBroadcast GIPCRMIOneClientConnection GIPCRMIOneClientReadWriteNonAtomic GIPCRMIServerMetaStateBroadcast GIPCRMIServerMetaStateNoBroadcast GIPCRMITwoClientConnection GIPCRMITwoClientReadWriteNonAtomic , ,
54,Mon Mar 28 11:33:33 EDT 2022,42,0,GIPCRMIOneClientConnection,A5AccessModifiersMatched A5ExpectedInterfaces A5InterfaceAsType A5MnemonicNames A5NamedConstants A5PublicMethodsOverride A5SpuriousCalls A5TaggedClassesDefined GIPCRMIStaticArguments ,A5ExpectedCalls A5ExpectedSignatures ,A5NoCheckstyleWarnings A5ProjectOrganization GIPCRMIClientMetaStateBroadcast GIPCRMIClientMetaStateNoBroadcast GIPCRMIOneClientConnection GIPCRMIOneClientReadWriteNonAtomic GIPCRMIServerMetaStateBroadcast GIPCRMIServerMetaStateNoBroadcast GIPCRMITwoClientConnection GIPCRMITwoClientReadWriteNonAtomic , ,
55,Mon Mar 28 11:33:43 EDT 2022,42,0,GIPCRMIOneClientReadWriteNonAtomic,A5AccessModifiersMatched A5ExpectedInterfaces A5InterfaceAsType A5MnemonicNames A5NamedConstants A5PublicMethodsOverride A5SpuriousCalls A5TaggedClassesDefined GIPCRMIStaticArguments ,A5ExpectedCalls A5ExpectedSignatures ,A5NoCheckstyleWarnings A5ProjectOrganization GIPCRMIClientMetaStateBroadcast GIPCRMIClientMetaStateNoBroadcast GIPCRMIOneClientConnection GIPCRMIOneClientReadWriteNonAtomic GIPCRMIServerMetaStateBroadcast GIPCRMIServerMetaStateNoBroadcast GIPCRMITwoClientConnection GIPCRMITwoClientReadWriteNonAtomic , ,
56,Mon Mar 28 11:50:40 EDT 2022,42,0,Assignment5OneClientSuite,A5AccessModifiersMatched A5ExpectedInterfaces A5InterfaceAsType A5MnemonicNames A5NamedConstants A5PublicMethodsOverride A5SpuriousCalls A5TaggedClassesDefined GIPCRMIStaticArguments ,A5ExpectedCalls A5ExpectedSignatures ,A5NoCheckstyleWarnings A5ProjectOrganization GIPCRMIClientMetaStateBroadcast GIPCRMIClientMetaStateNoBroadcast GIPCRMIOneClientConnection GIPCRMIOneClientReadWriteNonAtomic GIPCRMIServerMetaStateBroadcast GIPCRMIServerMetaStateNoBroadcast GIPCRMITwoClientConnection GIPCRMITwoClientReadWriteNonAtomic , ,
57,Mon Mar 28 11:50:44 EDT 2022,42,0,GIPCRMIOneClientConnection,A5AccessModifiersMatched A5ExpectedInterfaces A5InterfaceAsType A5MnemonicNames A5NamedConstants A5PublicMethodsOverride A5SpuriousCalls A5TaggedClassesDefined GIPCRMIStaticArguments ,A5ExpectedCalls A5ExpectedSignatures ,A5NoCheckstyleWarnings A5ProjectOrganization GIPCRMIClientMetaStateBroadcast GIPCRMIClientMetaStateNoBroadcast GIPCRMIOneClientConnection GIPCRMIOneClientReadWriteNonAtomic GIPCRMIServerMetaStateBroadcast GIPCRMIServerMetaStateNoBroadcast GIPCRMITwoClientConnection GIPCRMITwoClientReadWriteNonAtomic , ,
58,Mon Mar 28 12:20:39 EDT 2022,42,0,Assignment5OneClientSuite,A5AccessModifiersMatched A5ExpectedInterfaces A5InterfaceAsType A5MnemonicNames A5NamedConstants A5PublicMethodsOverride A5SpuriousCalls A5TaggedClassesDefined GIPCRMIStaticArguments ,A5ExpectedCalls A5ExpectedSignatures ,A5NoCheckstyleWarnings A5ProjectOrganization GIPCRMIClientMetaStateBroadcast GIPCRMIClientMetaStateNoBroadcast GIPCRMIOneClientConnection GIPCRMIOneClientReadWriteNonAtomic GIPCRMIServerMetaStateBroadcast GIPCRMIServerMetaStateNoBroadcast GIPCRMITwoClientConnection GIPCRMITwoClientReadWriteNonAtomic , ,
59,Mon Mar 28 12:21:25 EDT 2022,42,0,GIPCRMIStaticArguments,A5AccessModifiersMatched A5ExpectedInterfaces A5InterfaceAsType A5MnemonicNames A5NamedConstants A5PublicMethodsOverride A5SpuriousCalls A5TaggedClassesDefined GIPCRMIStaticArguments ,A5ExpectedCalls A5ExpectedSignatures ,A5NoCheckstyleWarnings A5ProjectOrganization GIPCRMIClientMetaStateBroadcast GIPCRMIClientMetaStateNoBroadcast GIPCRMIOneClientConnection GIPCRMIOneClientReadWriteNonAtomic GIPCRMIServerMetaStateBroadcast GIPCRMIServerMetaStateNoBroadcast GIPCRMITwoClientConnection GIPCRMITwoClientReadWriteNonAtomic , ,
60,Mon Mar 28 12:21:27 EDT 2022,42,0,GIPCRMIStaticArguments,A5AccessModifiersMatched A5ExpectedInterfaces A5InterfaceAsType A5MnemonicNames A5NamedConstants A5PublicMethodsOverride A5SpuriousCalls A5TaggedClassesDefined GIPCRMIStaticArguments ,A5ExpectedCalls A5ExpectedSignatures ,A5NoCheckstyleWarnings A5ProjectOrganization GIPCRMIClientMetaStateBroadcast GIPCRMIClientMetaStateNoBroadcast GIPCRMIOneClientConnection GIPCRMIOneClientReadWriteNonAtomic GIPCRMIServerMetaStateBroadcast GIPCRMIServerMetaStateNoBroadcast GIPCRMITwoClientConnection GIPCRMITwoClientReadWriteNonAtomic , ,
61,Tue Mar 29 09:30:18 EDT 2022,42,0,A5SpecificStyleSuite,A5AccessModifiersMatched A5ExpectedInterfaces A5InterfaceAsType A5MnemonicNames A5NamedConstants A5PublicMethodsOverride A5SpuriousCalls A5TaggedClassesDefined GIPCRMIStaticArguments ,A5ExpectedCalls A5ExpectedSignatures ,A5NoCheckstyleWarnings A5ProjectOrganization GIPCRMIClientMetaStateBroadcast GIPCRMIClientMetaStateNoBroadcast GIPCRMIOneClientConnection GIPCRMIOneClientReadWriteNonAtomic GIPCRMIServerMetaStateBroadcast GIPCRMIServerMetaStateNoBroadcast GIPCRMITwoClientConnection GIPCRMITwoClientReadWriteNonAtomic , ,
62,Tue Mar 29 09:30:21 EDT 2022,42,0,A5ExpectedCalls,A5AccessModifiersMatched A5ExpectedInterfaces A5InterfaceAsType A5MnemonicNames A5NamedConstants A5PublicMethodsOverride A5SpuriousCalls A5TaggedClassesDefined GIPCRMIStaticArguments ,A5ExpectedCalls A5ExpectedSignatures ,A5NoCheckstyleWarnings A5ProjectOrganization GIPCRMIClientMetaStateBroadcast GIPCRMIClientMetaStateNoBroadcast GIPCRMIOneClientConnection GIPCRMIOneClientReadWriteNonAtomic GIPCRMIServerMetaStateBroadcast GIPCRMIServerMetaStateNoBroadcast GIPCRMITwoClientConnection GIPCRMITwoClientReadWriteNonAtomic , ,
63,Tue Mar 29 09:49:01 EDT 2022,42,0,A5SpecificStyleSuite,A5AccessModifiersMatched A5ExpectedInterfaces A5InterfaceAsType A5MnemonicNames A5NamedConstants A5PublicMethodsOverride A5SpuriousCalls A5TaggedClassesDefined GIPCRMIStaticArguments ,A5ExpectedCalls A5ExpectedSignatures ,A5NoCheckstyleWarnings A5ProjectOrganization GIPCRMIClientMetaStateBroadcast GIPCRMIClientMetaStateNoBroadcast GIPCRMIOneClientConnection GIPCRMIOneClientReadWriteNonAtomic GIPCRMIServerMetaStateBroadcast GIPCRMIServerMetaStateNoBroadcast GIPCRMITwoClientConnection GIPCRMITwoClientReadWriteNonAtomic , ,
64,Tue Mar 29 09:49:04 EDT 2022,42,0,A5ExpectedCalls,A5AccessModifiersMatched A5ExpectedInterfaces A5InterfaceAsType A5MnemonicNames A5NamedConstants A5PublicMethodsOverride A5SpuriousCalls A5TaggedClassesDefined GIPCRMIStaticArguments ,A5ExpectedCalls A5ExpectedSignatures ,A5NoCheckstyleWarnings A5ProjectOrganization GIPCRMIClientMetaStateBroadcast GIPCRMIClientMetaStateNoBroadcast GIPCRMIOneClientConnection GIPCRMIOneClientReadWriteNonAtomic GIPCRMIServerMetaStateBroadcast GIPCRMIServerMetaStateNoBroadcast GIPCRMITwoClientConnection GIPCRMITwoClientReadWriteNonAtomic , ,
65,Tue Mar 29 09:49:05 EDT 2022,42,0,A5ExpectedCalls,A5AccessModifiersMatched A5ExpectedInterfaces A5InterfaceAsType A5MnemonicNames A5NamedConstants A5PublicMethodsOverride A5SpuriousCalls A5TaggedClassesDefined GIPCRMIStaticArguments ,A5ExpectedCalls A5ExpectedSignatures ,A5NoCheckstyleWarnings A5ProjectOrganization GIPCRMIClientMetaStateBroadcast GIPCRMIClientMetaStateNoBroadcast GIPCRMIOneClientConnection GIPCRMIOneClientReadWriteNonAtomic GIPCRMIServerMetaStateBroadcast GIPCRMIServerMetaStateNoBroadcast GIPCRMITwoClientConnection GIPCRMITwoClientReadWriteNonAtomic , ,
66,Tue Mar 29 09:49:10 EDT 2022,38,-4,A5GeneralStyleSuite,A5AccessModifiersMatched A5ExpectedInterfaces A5InterfaceAsType A5NamedConstants A5PublicMethodsOverride A5SpuriousCalls A5TaggedClassesDefined GIPCRMIStaticArguments ,A5ExpectedCalls A5ExpectedSignatures A5MnemonicNames- ,A5NoCheckstyleWarnings A5ProjectOrganization GIPCRMIClientMetaStateBroadcast GIPCRMIClientMetaStateNoBroadcast GIPCRMIOneClientConnection GIPCRMIOneClientReadWriteNonAtomic GIPCRMIServerMetaStateBroadcast GIPCRMIServerMetaStateNoBroadcast GIPCRMITwoClientConnection GIPCRMITwoClientReadWriteNonAtomic , ,
67,Tue Mar 29 09:49:12 EDT 2022,38,0,A5MnemonicNames,A5AccessModifiersMatched A5ExpectedInterfaces A5InterfaceAsType A5NamedConstants A5PublicMethodsOverride A5SpuriousCalls A5TaggedClassesDefined GIPCRMIStaticArguments ,A5ExpectedCalls A5ExpectedSignatures A5MnemonicNames ,A5NoCheckstyleWarnings A5ProjectOrganization GIPCRMIClientMetaStateBroadcast GIPCRMIClientMetaStateNoBroadcast GIPCRMIOneClientConnection GIPCRMIOneClientReadWriteNonAtomic GIPCRMIServerMetaStateBroadcast GIPCRMIServerMetaStateNoBroadcast GIPCRMITwoClientConnection GIPCRMITwoClientReadWriteNonAtomic , ,
68,Tue Mar 29 09:51:31 EDT 2022,38,0,A5SpecificStyleSuite,A5AccessModifiersMatched A5ExpectedInterfaces A5InterfaceAsType A5NamedConstants A5PublicMethodsOverride A5SpuriousCalls A5TaggedClassesDefined GIPCRMIStaticArguments ,A5ExpectedCalls A5ExpectedSignatures A5MnemonicNames ,A5NoCheckstyleWarnings A5ProjectOrganization GIPCRMIClientMetaStateBroadcast GIPCRMIClientMetaStateNoBroadcast GIPCRMIOneClientConnection GIPCRMIOneClientReadWriteNonAtomic GIPCRMIServerMetaStateBroadcast GIPCRMIServerMetaStateNoBroadcast GIPCRMITwoClientConnection GIPCRMITwoClientReadWriteNonAtomic , ,
69,Tue Mar 29 09:51:34 EDT 2022,38,0,A5SpecificStyleSuite,A5AccessModifiersMatched A5ExpectedInterfaces A5InterfaceAsType A5NamedConstants A5PublicMethodsOverride A5SpuriousCalls A5TaggedClassesDefined GIPCRMIStaticArguments ,A5ExpectedCalls A5ExpectedSignatures A5MnemonicNames ,A5NoCheckstyleWarnings A5ProjectOrganization GIPCRMIClientMetaStateBroadcast GIPCRMIClientMetaStateNoBroadcast GIPCRMIOneClientConnection GIPCRMIOneClientReadWriteNonAtomic GIPCRMIServerMetaStateBroadcast GIPCRMIServerMetaStateNoBroadcast GIPCRMITwoClientConnection GIPCRMITwoClientReadWriteNonAtomic , ,
70,Tue Mar 29 09:51:36 EDT 2022,42,4,A5GeneralStyleSuite,A5AccessModifiersMatched A5ExpectedInterfaces A5InterfaceAsType A5MnemonicNames+ A5NamedConstants A5PublicMethodsOverride A5SpuriousCalls A5TaggedClassesDefined GIPCRMIStaticArguments ,A5ExpectedCalls A5ExpectedSignatures ,A5NoCheckstyleWarnings A5ProjectOrganization GIPCRMIClientMetaStateBroadcast GIPCRMIClientMetaStateNoBroadcast GIPCRMIOneClientConnection GIPCRMIOneClientReadWriteNonAtomic GIPCRMIServerMetaStateBroadcast GIPCRMIServerMetaStateNoBroadcast GIPCRMITwoClientConnection GIPCRMITwoClientReadWriteNonAtomic , ,
71,Tue Mar 29 09:51:37 EDT 2022,42,0,A5GeneralStyleSuite,A5AccessModifiersMatched A5ExpectedInterfaces A5InterfaceAsType A5MnemonicNames A5NamedConstants A5PublicMethodsOverride A5SpuriousCalls A5TaggedClassesDefined GIPCRMIStaticArguments ,A5ExpectedCalls A5ExpectedSignatures ,A5NoCheckstyleWarnings A5ProjectOrganization GIPCRMIClientMetaStateBroadcast GIPCRMIClientMetaStateNoBroadcast GIPCRMIOneClientConnection GIPCRMIOneClientReadWriteNonAtomic GIPCRMIServerMetaStateBroadcast GIPCRMIServerMetaStateNoBroadcast GIPCRMITwoClientConnection GIPCRMITwoClientReadWriteNonAtomic , ,
72,Tue Mar 29 09:53:11 EDT 2022,47,5,Assignment5OneClientSuite,A5AccessModifiersMatched A5ExpectedInterfaces A5InterfaceAsType A5MnemonicNames A5NamedConstants A5PublicMethodsOverride A5SpuriousCalls A5TaggedClassesDefined GIPCRMIOneClientConnection+ GIPCRMIStaticArguments ,A5ExpectedCalls A5ExpectedSignatures GIPCRMIOneClientReadWriteNonAtomic+ ,A5NoCheckstyleWarnings A5ProjectOrganization GIPCRMIClientMetaStateBroadcast GIPCRMIClientMetaStateNoBroadcast GIPCRMIServerMetaStateBroadcast GIPCRMIServerMetaStateNoBroadcast GIPCRMITwoClientConnection GIPCRMITwoClientReadWriteNonAtomic , ,
73,Tue Mar 29 10:02:03 EDT 2022,61,14,Assignment5TwoClientSuite,A5AccessModifiersMatched A5ExpectedInterfaces A5InterfaceAsType A5MnemonicNames A5NamedConstants A5PublicMethodsOverride A5SpuriousCalls A5TaggedClassesDefined GIPCRMIClientMetaStateBroadcast+ GIPCRMIClientMetaStateNoBroadcast+ GIPCRMIOneClientConnection GIPCRMIStaticArguments GIPCRMITwoClientConnection+ ,A5ExpectedCalls A5ExpectedSignatures GIPCRMIOneClientReadWriteNonAtomic GIPCRMITwoClientReadWriteNonAtomic+ ,A5NoCheckstyleWarnings A5ProjectOrganization GIPCRMIServerMetaStateBroadcast GIPCRMIServerMetaStateNoBroadcast , ,
74,Tue Mar 29 10:03:23 EDT 2022,61,0,GIPCRMITwoClientReadWriteNonAtomic,A5AccessModifiersMatched A5ExpectedInterfaces A5InterfaceAsType A5MnemonicNames A5NamedConstants A5PublicMethodsOverride A5SpuriousCalls A5TaggedClassesDefined GIPCRMIClientMetaStateBroadcast GIPCRMIClientMetaStateNoBroadcast GIPCRMIOneClientConnection GIPCRMIStaticArguments GIPCRMITwoClientConnection ,A5ExpectedCalls A5ExpectedSignatures GIPCRMIOneClientReadWriteNonAtomic GIPCRMITwoClientReadWriteNonAtomic ,A5NoCheckstyleWarnings A5ProjectOrganization GIPCRMIServerMetaStateBroadcast GIPCRMIServerMetaStateNoBroadcast , ,
75,Tue Mar 29 10:03:52 EDT 2022,61,0,GIPCRMIOneClientReadWriteNonAtomic,A5AccessModifiersMatched A5ExpectedInterfaces A5InterfaceAsType A5MnemonicNames A5NamedConstants A5PublicMethodsOverride A5SpuriousCalls A5TaggedClassesDefined GIPCRMIClientMetaStateBroadcast GIPCRMIClientMetaStateNoBroadcast GIPCRMIOneClientConnection GIPCRMIStaticArguments GIPCRMITwoClientConnection ,A5ExpectedCalls A5ExpectedSignatures GIPCRMIOneClientReadWriteNonAtomic GIPCRMITwoClientReadWriteNonAtomic ,A5NoCheckstyleWarnings A5ProjectOrganization GIPCRMIServerMetaStateBroadcast GIPCRMIServerMetaStateNoBroadcast , ,
